2015-09-06T00:00:01+03:00,11.46,0.20,0.00,0.03,18,0,0,0,0,0,0,0
2015-09-06T00:01:01+03:00,11.43,0.15,0.00,0.03,17,0,0,0,0,0,0,0
2015-09-06T00:02:02+03:00,11.50,0.20,0.00,0.03,18,0,0,0,0,0,0,0
2015-09-06T00:03:01+03:00,11.46,0.20,0.00,0.03,18,0,0,0,0,0,0,0
2015-09-06T00:04:01+03:00,11.48,0.20,0.00,0.04,18,0,0,0,0,0,0,0
2015-09-06T00:05:01+03:00,11.43,0.15,0.00,0.02,18,0,0,0,0,0,0,0
2015-09-06T00:06:01+03:00,11.46,0.15,0.00,0.03,17,0,0,0,0,0,0,0
2015-09-06T00:07:02+03:00,11.48,0.20,0.00,0.01,18,0,0,0,0,0,0,0
2015-09-06T00:08:01+03:00,11.50,0.20,0.00,0.00,18,0,0,0,0,0,0,0
2015-09-06T00:09:01+03:00,11.46,0.20,0.00,0.04,18,0,0,0,0,0,0,0
2015-09-06T00:10:01+03:00,11.46,0.15,0.00,0.01,17,0,0,0,0,0,0,0
2015-09-06T00:11:02+03:00,11.46,0.25,0.00,0.04,18,0,0,0,0,0,0,0
2015-09-06T00:12:01+03:00,11.46,0.25,0.00,0.04,18,0,0,0,0,0,0,0
2015-09-06T00:13:02+03:00,11.43,0.10,0.00,0.02,17,0,0,0,0,0,0,0
2015-09-06T00:14:01+03:00,11.46,0.10,0.00,0.03,17,0,0,0,0,0,0,0
2015-09-06T00:15:02+03:00,11.43,0.20,0.00,0.04,17,0,0,0,0,0,0,0
2015-09-06T00:16:02+03:00,11.46,0.25,0.00,0.03,17,0,0,0,0,0,0,0
2015-09-06T00:17:01+03:00,11.46,0.20,0.00,0.05,17,0,0,0,0,0,0,0
2015-09-06T00:18:01+03:00,11.46,0.20,0.00,0.01,17,0,0,0,0,0,0,0
2015-09-06T00:19:01+03:00,11.46,0.25,0.00,0.03,17,0,0,0,0,0,0,0
2015-09-06T00:20:01+03:00,11.46,0.20,0.00,0.04,17,0,0,0,0,0,0,0
2015-09-06T00:21:02+03:00,11.48,0.30,0.00,0.03,18,0,0,0,0,0,0,0
2015-09-06T00:22:01+03:00,11.46,0.30,0.00,0.01,17,0,0,0,0,0,0,0
2015-09-06T00:23:01+03:00,11.46,0.30,0.00,0.00,17,0,0,0,0,0,0,0
2015-09-06T00:24:01+03:00,11.43,0.20,0.00,0.02,17,0,0,0,0,0,0,0
2015-09-06T00:25:02+03:00,11.46,0.30,0.00,0.04,17,0,0,0,0,0,0,0
2015-09-06T00:26:01+03:00,11.48,0.20,0.00,0.03,17,0,0,0,0,0,0,0
2015-09-06T00:27:01+03:00,11.46,0.20,0.00,0.02,17,0,0,0,0,0,0,0
2015-09-06T00:28:02+03:00,11.46,0.20,0.00,0.01,17,0,0,0,0,0,0,0
2015-09-06T00:29:01+03:00,11.46,0.20,0.00,0.04,17,0,0,0,0,0,0,0
2015-09-06T00:30:01+03:00,11.48,0.20,0.00,0.01,17,0,0,0,0,0,0,0
2015-09-06T00:31:01+03:00,11.48,0.20,0.00,0.03,17,0,0,0,0,0,0,0
2015-09-06T00:32:01+03:00,11.46,0.20,0.00,0.03,17,0,0,0,0,0,0,0
2015-09-06T00:33:01+03:00,11.48,0.25,0.00,0.02,17,0,0,0,0,0,0,0
2015-09-06T00:34:01+03:00,11.46,0.20,0.00,0.03,17,0,0,0,0,0,0,0
2015-09-06T00:35:01+03:00,11.46,0.15,0.00,0.02,17,0,0,0,0,0,0,0
2015-09-06T00:36:01+03:00,11.46,0.15,0.00,0.03,17,0,0,0,0,0,0,0
2015-09-06T00:37:02+03:00,11.48,0.20,0.00,0.05,17,0,0,0,0,0,0,0
2015-09-06T00:38:01+03:00,11.46,0.20,0.00,0.03,17,0,0,0,0,0,0,0
2015-09-06T00:39:01+03:00,11.48,0.25,0.00,0.01,17,0,0,0,0,0,0,0
2015-09-06T00:40:01+03:00,11.43,0.20,0.00,0.02,17,0,0,0,0,0,0,0
2015-09-06T00:41:01+03:00,11.46,0.15,0.00,0.01,17,0,0,0,0,0,0,0
2015-09-06T00:42:01+03:00,11.46,0.15,0.00,0.03,17,0,0,0,0,0,0,0
2015-09-06T00:43:01+03:00,11.48,0.20,0.00,0.04,17,0,0,0,0,0,0,0
2015-09-06T00:44:01+03:00,11.46,0.20,0.00,0.04,17,0,0,0,0,0,0,0
2015-09-06T00:45:01+03:00,11.46,0.20,0.00,0.03,17,0,0,0,0,0,0,0
2015-09-06T00:46:01+03:00,11.46,0.20,0.00,0.01,17,0,0,0,0,0,0,0
2015-09-06T00:47:01+03:00,11.46,0.20,0.00,0.00,17,0,0,0,0,0,0,0
2015-09-06T00:48:01+03:00,11.46,0.15,0.00,0.02,17,0,0,0,0,0,0,0
2015-09-06T00:49:02+03:00,11.48,0.20,0.00,0.04,17,0,0,0,0,0,0,0
2015-09-06T00:50:02+03:00,11.48,0.20,0.00,0.03,17,0,0,0,0,0,0,0
2015-09-06T00:51:02+03:00,11.46,0.20,0.00,0.04,17,0,0,0,0,0,0,0
2015-09-06T00:52:01+03:00,11.46,0.20,0.00,0.03,17,0,0,0,0,0,0,0
2015-09-06T00:53:01+03:00,11.46,0.25,0.00,0.01,17,0,0,0,0,0,0,0
2015-09-06T00:54:01+03:00,11.46,0.15,0.00,0.01,17,0,0,0,0,0,0,0
2015-09-06T00:55:01+03:00,11.46,0.10,0.00,0.02,17,0,0,0,0,0,0,0
2015-09-06T00:56:01+03:00,11.46,0.20,0.00,0.03,17,0,0,0,0,0,0,0
2015-09-06T00:57:01+03:00,11.43,0.10,0.00,0.02,17,0,0,0,0,0,0,0
2015-09-06T00:58:01+03:00,11.46,0.15,0.00,0.03,17,0,0,0,0,0,0,0
2015-09-06T00:59:02+03:00,11.43,0.20,0.00,0.03,17,0,0,0,0,0,0,0
2015-09-06T01:00:01+03:00,11.46,0.20,0.00,0.03,17,0,0,0,0,0,0,0
2015-09-06T01:01:01+03:00,11.46,0.20,0.00,0.02,17,0,0,0,0,0,0,0
2015-09-06T01:02:01+03:00,11.46,0.20,0.00,0.05,17,0,0,0,0,0,0,0
2015-09-06T01:03:02+03:00,11.43,0.15,0.00,0.03,17,0,0,0,0,0,0,0
2015-09-06T01:04:02+03:00,11.46,0.25,0.00,0.01,17,0,0,0,0,0,0,0
2015-09-06T01:05:01+03:00,11.43,0.20,0.00,0.01,17,0,0,0,0,0,0,0
2015-09-06T01:06:01+03:00,11.46,0.30,0.00,0.03,17,0,0,0,0,0,0,0
2015-09-06T01:07:01+03:00,11.43,0.15,0.00,0.03,17,0,0,0,0,0,0,0
2015-09-06T01:08:01+03:00,11.46,0.30,0.00,0.02,17,0,0,0,0,0,0,0
2015-09-06T01:09:01+03:00,11.46,0.30,0.00,0.03,17,0,0,0,0,0,0,0
2015-09-06T01:10:02+03:00,11.46,0.20,0.00,0.04,17,0,0,0,0,0,0,0
2015-09-06T01:11:01+03:00,11.46,0.30,0.00,0.03,17,0,0,0,0,0,0,0
2015-09-06T01:12:01+03:00,11.43,0.15,0.00,0.04,17,0,0,0,0,0,0,0
2015-09-06T01:13:01+03:00,11.41,0.15,0.00,0.03,17,0,0,0,0,0,0,0
2015-09-06T01:14:01+03:00,11.43,0.10,0.00,0.01,17,0,0,0,0,0,0,0
2015-09-06T01:15:01+03:00,11.43,0.20,0.00,0.04,17,0,0,0,0,0,0,0
2015-09-06T01:16:01+03:00,11.43,0.20,0.00,0.01,17,0,0,0,0,0,0,0
2015-09-06T01:17:02+03:00,11.43,0.10,0.00,0.01,17,0,0,0,0,0,0,0
2015-09-06T01:18:01+03:00,11.46,0.20,0.00,0.04,17,0,0,0,0,0,0,0
2015-09-06T01:19:01+03:00,11.43,0.25,0.00,0.03,17,0,0,0,0,0,0,0
2015-09-06T01:20:02+03:00,11.46,0.20,0.00,0.03,17,0,0,0,0,0,0,0
2015-09-06T01:21:01+03:00,11.48,0.20,0.00,0.02,17,0,0,0,0,0,0,0
2015-09-06T01:22:02+03:00,11.46,0.20,0.00,0.03,17,0,0,0,0,0,0,0
2015-09-06T01:23:01+03:00,11.43,0.15,0.00,0.04,17,0,0,0,0,0,0,0
2015-09-06T01:24:01+03:00,11.46,0.20,0.00,0.03,17,0,0,0,0,0,0,0
2015-09-06T01:25:01+03:00,11.48,0.20,0.00,0.03,17,0,0,0,0,0,0,0
2015-09-06T01:26:02+03:00,11.50,0.20,0.00,0.02,17,0,0,0,0,0,0,0
2015-09-06T01:27:01+03:00,11.48,0.20,0.00,0.03,17,0,0,0,0,0,0,0
2015-09-06T01:28:02+03:00,11.50,0.20,0.00,0.03,17,0,0,0,0,0,0,0
2015-09-06T01:29:01+03:00,11.46,0.20,0.00,0.03,17,0,0,0,0,0,0,0
2015-09-06T01:30:01+03:00,11.43,0.20,0.00,0.04,17,0,0,0,0,0,0,0
2015-09-06T01:31:02+03:00,11.48,0.20,0.00,0.03,17,0,0,0,0,0,0,0
2015-09-06T01:32:01+03:00,11.46,0.20,0.00,0.03,17,0,0,0,0,0,0,0
2015-09-06T01:33:02+03:00,11.48,0.30,0.00,0.04,17,0,0,0,0,0,0,0
2015-09-06T01:34:01+03:00,11.48,0.20,0.00,0.02,17,0,0,0,0,0,0,0
2015-09-06T01:35:01+03:00,11.43,0.20,0.00,0.04,17,0,0,0,0,0,0,0
2015-09-06T01:36:01+03:00,11.43,0.20,0.00,0.03,17,0,0,0,0,0,0,0
2015-09-06T01:37:01+03:00,11.43,0.20,0.00,0.01,17,0,0,0,0,0,0,0
2015-09-06T01:38:02+03:00,11.43,0.15,0.00,0.03,17,0,0,0,0,0,0,0
2015-09-06T01:39:01+03:00,11.43,0.10,0.00,0.03,17,0,0,0,0,0,0,0
2015-09-06T01:40:01+03:00,11.48,0.20,0.00,0.04,17,0,0,0,0,0,0,0
2015-09-06T01:41:01+03:00,11.43,0.10,0.00,0.04,17,0,0,0,0,0,0,0
2015-09-06T01:42:01+03:00,11.43,0.15,0.00,0.03,17,0,0,0,0,0,0,0
2015-09-06T01:43:01+03:00,11.43,0.20,0.00,0.04,17,0,0,0,0,0,0,0
2015-09-06T01:44:01+03:00,11.46,0.20,0.00,0.03,17,0,0,0,0,0,0,0
2015-09-06T01:45:02+03:00,11.46,0.20,0.00,0.03,17,0,0,0,0,0,0,0
2015-09-06T01:46:02+03:00,11.43,0.15,0.00,0.01,17,0,0,0,0,0,0,0
2015-09-06T01:47:02+03:00,11.46,0.20,0.00,0.01,17,0,0,0,0,0,0,0
2015-09-06T01:48:01+03:00,11.43,0.20,0.00,0.05,17,0,0,0,0,0,0,0
2015-09-06T01:49:01+03:00,11.43,0.20,0.00,0.02,17,0,0,0,0,0,0,0
2015-09-06T01:50:02+03:00,11.46,0.20,0.00,0.03,17,0,0,0,0,0,0,0
2015-09-06T01:51:01+03:00,11.43,0.20,0.00,0.01,17,0,0,0,0,0,0,0
2015-09-06T01:52:01+03:00,11.43,0.10,0.00,0.03,17,0,0,0,0,0,0,0
2015-09-06T01:53:02+03:00,11.43,0.20,0.00,0.02,17,0,0,0,0,0,0,0
2015-09-06T01:54:02+03:00,11.43,0.15,0.00,0.01,17,0,0,0,0,0,0,0
2015-09-06T01:55:01+03:00,11.46,0.25,0.00,0.04,17,0,0,0,0,0,0,0
2015-09-06T01:56:01+03:00,11.41,0.15,0.00,0.01,17,0,0,0,0,0,0,0
2015-09-06T01:57:01+03:00,11.41,0.15,0.00,0.00,17,0,0,0,0,0,0,0
2015-09-06T01:58:02+03:00,11.46,0.20,0.00,0.02,17,0,0,0,0,0,0,0
2015-09-06T01:59:01+03:00,11.41,0.20,0.00,0.01,17,0,0,0,0,0,0,0
2015-09-06T02:00:01+03:00,11.43,0.20,0.00,0.03,17,0,0,0,0,0,0,0
2015-09-06T02:01:01+03:00,11.43,0.20,0.00,0.00,17,0,0,0,0,0,0,0
2015-09-06T02:02:01+03:00,11.41,0.10,0.00,0.00,17,0,0,0,0,0,0,0
2015-09-06T02:03:01+03:00,11.41,0.10,0.00,0.02,17,0,0,0,0,0,0,0
2015-09-06T02:04:01+03:00,11.43,0.20,0.00,0.02,17,0,0,0,0,0,0,0
2015-09-06T02:05:01+03:00,11.46,0.20,0.00,0.01,17,0,0,0,0,0,0,0
2015-09-06T02:06:01+03:00,11.43,0.20,0.00,0.01,17,0,0,0,0,0,0,0
2015-09-06T02:07:01+03:00,11.41,0.15,0.00,0.04,17,0,0,0,0,0,0,0
2015-09-06T02:08:01+03:00,11.43,0.20,0.00,0.01,17,0,0,0,0,0,0,0
2015-09-06T02:09:02+03:00,11.43,0.20,0.00,0.04,17,0,0,0,0,0,0,0
2015-09-06T02:10:01+03:00,11.46,0.20,0.00,0.04,17,0,0,0,0,0,0,0
2015-09-06T02:11:01+03:00,11.43,0.20,0.00,0.01,17,0,0,0,0,0,0,0
2015-09-06T02:12:02+03:00,11.43,0.20,0.00,0.04,17,0,0,0,0,0,0,0
2015-09-06T02:13:01+03:00,11.43,0.15,0.00,0.03,17,0,0,0,0,0,0,0
2015-09-06T02:14:01+03:00,11.43,0.10,0.00,0.03,17,0,0,0,0,0,0,0
2015-09-06T02:15:01+03:00,11.43,0.20,0.00,0.03,17,0,0,0,0,0,0,0
2015-09-06T02:16:01+03:00,11.43,0.20,0.00,0.00,17,0,0,0,0,0,0,0
2015-09-06T02:17:01+03:00,11.41,0.20,0.00,0.04,17,0,0,0,0,0,0,0
2015-09-06T02:18:01+03:00,11.41,0.15,0.00,0.04,17,0,0,0,0,0,0,0
2015-09-06T02:19:01+03:00,11.43,0.20,0.00,0.03,17,0,0,0,0,0,0,0
2015-09-06T02:20:01+03:00,11.39,0.15,0.00,0.04,17,0,0,0,0,0,0,0
2015-09-06T02:21:02+03:00,11.43,0.20,0.00,0.03,17,0,0,0,0,0,0,0
2015-09-06T02:22:02+03:00,11.39,0.10,0.00,0.03,17,0,0,0,0,0,0,0
2015-09-06T02:23:01+03:00,11.46,0.20,0.00,0.01,17,0,0,0,0,0,0,0
2015-09-06T02:24:01+03:00,11.43,0.20,0.00,0.04,17,0,0,0,0,0,0,0
2015-09-06T02:25:01+03:00,11.41,0.20,0.00,0.03,17,0,0,0,0,0,0,0
2015-09-06T02:26:01+03:00,11.43,0.15,0.00,0.03,17,0,0,0,0,0,0,0
2015-09-06T02:27:01+03:00,11.43,0.20,0.00,0.03,17,0,0,0,0,0,0,0
2015-09-06T02:28:01+03:00,11.46,0.20,0.00,0.04,17,0,0,0,0,0,0,0
2015-09-06T02:29:01+03:00,11.43,0.20,0.00,0.01,17,0,0,0,0,0,0,0
2015-09-06T02:30:01+03:00,11.43,0.20,0.00,0.04,17,0,0,0,0,0,0,0
2015-09-06T02:31:01+03:00,11.43,0.20,0.00,0.02,17,0,0,0,0,0,0,0
2015-09-06T02:32:01+03:00,11.46,0.20,0.00,0.03,17,0,0,0,0,0,0,0
2015-09-06T02:33:01+03:00,11.43,0.25,0.00,0.01,17,0,0,0,0,0,0,0
2015-09-06T02:34:01+03:00,11.43,0.30,0.00,0.06,17,0,0,0,0,0,0,0
2015-09-06T02:35:01+03:00,11.46,0.20,0.00,0.03,17,0,0,0,0,0,0,0
2015-09-06T02:36:02+03:00,11.48,0.20,0.00,0.03,17,0,0,0,0,0,0,0
2015-09-06T02:37:01+03:00,11.46,0.20,0.00,0.03,17,0,0,0,0,0,0,0
2015-09-06T02:38:01+03:00,11.43,0.15,0.00,0.03,17,0,0,0,0,0,0,0
2015-09-06T02:39:01+03:00,11.43,0.20,0.00,0.03,17,0,0,0,0,0,0,0
2015-09-06T02:40:01+03:00,11.43,0.10,0.00,0.02,17,0,0,0,0,0,0,0
2015-09-06T02:41:01+03:00,11.43,0.15,0.00,0.03,17,0,0,0,0,0,0,0
2015-09-06T02:42:01+03:00,11.43,0.20,0.00,0.01,17,0,0,0,0,0,0,0
2015-09-06T02:43:02+03:00,11.43,0.20,0.00,0.02,17,0,0,0,0,0,0,0
2015-09-06T02:44:01+03:00,11.43,0.20,0.00,0.02,17,0,0,0,0,0,0,0
2015-09-06T02:45:01+03:00,11.41,0.15,0.00,0.01,17,0,0,0,0,0,0,0
2015-09-06T02:46:01+03:00,11.41,0.15,0.00,0.00,17,0,0,0,0,0,0,0
2015-09-06T02:47:01+03:00,11.43,0.15,0.00,0.02,17,0,0,0,0,0,0,0
2015-09-06T02:48:02+03:00,11.43,0.20,0.00,0.03,17,0,0,0,0,0,0,0
2015-09-06T02:49:02+03:00,11.43,0.20,0.00,0.04,17,0,0,0,0,0,0,0
2015-09-06T02:50:01+03:00,11.43,0.20,0.00,0.03,17,0,0,0,0,0,0,0
2015-09-06T02:51:02+03:00,11.43,0.25,0.00,0.00,17,0,0,0,0,0,0,0
2015-09-06T02:52:01+03:00,11.43,0.20,0.00,0.01,17,0,0,0,0,0,0,0
2015-09-06T02:53:02+03:00,11.43,0.25,0.00,0.03,17,0,0,0,0,0,0,0
2015-09-06T02:54:01+03:00,11.39,0.15,0.00,0.03,17,0,0,0,0,0,0,0
2015-09-06T02:55:02+03:00,11.43,0.20,0.00,0.00,17,0,0,0,0,0,0,0
2015-09-06T02:56:01+03:00,11.41,0.15,0.00,0.03,17,0,0,0,0,0,0,0
2015-09-06T02:57:01+03:00,11.39,0.15,0.00,0.01,17,0,0,0,0,0,0,0
2015-09-06T02:58:01+03:00,11.41,0.15,0.00,0.03,17,0,0,0,0,0,0,0
2015-09-06T02:59:01+03:00,11.39,0.15,0.00,0.03,17,0,0,0,0,0,0,0
2015-09-06T03:00:01+03:00,11.37,0.20,0.00,0.00,17,0,0,0,0,0,0,0
2015-09-06T03:01:02+03:00,11.43,0.20,0.00,0.03,17,0,0,0,0,0,0,0
2015-09-06T03:02:01+03:00,11.43,0.20,0.00,0.03,17,0,0,0,0,0,0,0
2015-09-06T03:03:01+03:00,11.43,0.20,0.00,0.03,17,0,0,0,0,0,0,0
2015-09-06T03:04:01+03:00,11.43,0.20,0.00,0.03,17,0,0,0,0,0,0,0
2015-09-06T03:05:02+03:00,11.46,0.20,0.00,0.03,17,0,0,0,0,0,0,0
2015-09-06T03:06:02+03:00,11.43,0.20,0.00,0.04,17,0,0,0,0,0,0,0
2015-09-06T03:07:02+03:00,11.43,0.20,0.00,0.03,17,0,0,0,0,0,0,0
2015-09-06T03:08:01+03:00,11.43,0.20,0.00,0.04,17,0,0,0,0,0,0,0
2015-09-06T03:09:02+03:00,11.46,0.20,0.00,0.01,17,0,0,0,0,0,0,0
2015-09-06T03:10:02+03:00,11.43,0.10,0.00,0.03,17,0,0,0,0,0,0,0
2015-09-06T03:11:01+03:00,11.43,0.20,0.00,0.03,17,0,0,0,0,0,0,0
2015-09-06T03:12:01+03:00,11.43,0.25,0.00,0.04,17,0,0,0,0,0,0,0
2015-09-06T03:13:02+03:00,11.39,0.20,0.00,0.03,17,0,0,0,0,0,0,0
2015-09-06T03:14:01+03:00,11.43,0.15,0.00,0.04,17,0,0,0,0,0,0,0
2015-09-06T03:15:01+03:00,11.41,0.15,0.00,0.00,17,0,0,0,0,0,0,0
2015-09-06T03:16:01+03:00,11.41,0.20,0.00,0.04,17,0,0,0,0,0,0,0
2015-09-06T03:17:02+03:00,11.39,0.15,0.00,0.03,17,0,0,0,0,0,0,0
2015-09-06T03:18:01+03:00,11.43,0.25,0.00,0.04,17,0,0,0,0,0,0,0
2015-09-06T03:19:01+03:00,11.39,0.15,0.00,0.01,17,0,0,0,0,0,0,0
2015-09-06T03:20:01+03:00,11.43,0.15,0.00,0.03,17,0,0,0,0,0,0,0
2015-09-06T03:21:01+03:00,11.41,0.15,0.00,0.04,17,0,0,0,0,0,0,0
2015-09-06T03:22:01+03:00,11.41,0.20,0.00,0.04,17,0,0,0,0,0,0,0
2015-09-06T03:23:01+03:00,11.43,0.25,0.00,0.03,17,0,0,0,0,0,0,0
2015-09-06T03:24:02+03:00,11.41,0.20,0.00,0.01,17,0,0,0,0,0,0,0
2015-09-06T03:25:01+03:00,11.41,0.10,0.00,0.03,17,0,0,0,0,0,0,0
2015-09-06T03:26:01+03:00,11.41,0.20,0.00,0.03,17,0,0,0,0,0,0,0
2015-09-06T03:27:02+03:00,11.43,0.20,0.00,0.01,17,0,0,0,0,0,0,0
2015-09-06T03:28:02+03:00,11.43,0.20,0.00,0.04,17,0,0,0,0,0,0,0
2015-09-06T03:29:01+03:00,11.43,0.15,0.00,0.01,17,0,0,0,0,0,0,0
2015-09-06T03:30:01+03:00,11.41,0.20,0.00,0.02,17,0,0,0,0,0,0,0
2015-09-06T03:31:01+03:00,11.43,0.10,0.00,0.02,17,0,0,0,0,0,0,0
2015-09-06T03:32:02+03:00,11.39,0.15,0.00,0.01,17,0,0,0,0,0,0,0
2015-09-06T03:33:01+03:00,11.41,0.20,0.00,0.03,17,0,0,0,0,0,0,0
2015-09-06T03:34:02+03:00,11.41,0.15,0.00,0.04,17,0,0,0,0,0,0,0
2015-09-06T03:35:01+03:00,11.43,0.20,0.00,0.03,17,0,0,0,0,0,0,0
2015-09-06T03:36:01+03:00,11.41,0.20,0.00,0.01,17,0,0,0,0,0,0,0
2015-09-06T03:37:02+03:00,11.43,0.20,0.00,0.03,17,0,0,0,0,0,0,0
2015-09-06T03:38:01+03:00,11.43,0.10,0.00,0.01,17,0,0,0,0,0,0,0
2015-09-06T03:39:01+03:00,11.41,0.20,0.00,0.03,17,0,0,0,0,0,0,0
2015-09-06T03:40:01+03:00,11.43,0.40,0.00,0.04,17,0,0,0,0,0,0,0
2015-09-06T03:41:01+03:00,11.41,0.20,0.00,0.01,17,0,0,0,0,0,0,0
2015-09-06T03:42:01+03:00,11.43,0.20,0.00,0.05,17,0,0,0,0,0,0,0
2015-09-06T03:43:01+03:00,11.43,0.20,0.00,0.03,17,0,0,0,0,0,0,0
2015-09-06T03:44:02+03:00,11.43,0.20,0.00,0.04,17,0,0,0,0,0,0,0
2015-09-06T03:45:02+03:00,11.43,0.20,0.00,0.02,17,0,0,0,0,0,0,0
2015-09-06T03:46:01+03:00,11.43,0.20,0.00,0.04,17,0,0,0,0,0,0,0
2015-09-06T03:47:01+03:00,11.41,0.15,0.00,0.04,17,0,0,0,0,0,0,0
2015-09-06T03:48:01+03:00,11.41,0.20,0.00,0.00,17,0,0,0,0,0,0,0
2015-09-06T03:49:01+03:00,11.41,0.20,0.00,0.03,17,0,0,0,0,0,0,0
2015-09-06T03:50:01+03:00,11.43,0.25,0.00,0.04,17,0,0,0,0,0,0,0
2015-09-06T03:51:01+03:00,11.43,0.20,0.00,0.04,17,0,0,0,0,0,0,0
2015-09-06T03:52:01+03:00,11.41,0.20,0.00,0.01,17,0,0,0,0,0,0,0
2015-09-06T03:53:01+03:00,11.41,0.20,0.00,0.04,17,0,0,0,0,0,0,0
2015-09-06T03:54:01+03:00,11.43,0.20,0.00,0.01,17,0,0,0,0,0,0,0
2015-09-06T03:55:01+03:00,11.41,0.15,0.00,0.04,17,0,0,0,0,0,0,0
2015-09-06T03:56:01+03:00,11.41,0.25,0.00,0.02,17,0,0,0,0,0,0,0
2015-09-06T03:57:01+03:00,11.41,0.20,0.00,0.03,17,0,0,0,0,0,0,0
2015-09-06T03:58:02+03:00,11.43,0.20,0.00,0.03,17,0,0,0,0,0,0,0
2015-09-06T03:59:01+03:00,11.39,0.20,0.00,0.03,17,0,0,0,0,0,0,0
2015-09-06T04:00:01+03:00,11.41,0.20,0.00,0.01,17,0,0,0,0,0,0,0
2015-09-06T04:01:01+03:00,11.41,0.20,0.00,0.02,17,0,0,0,0,0,0,0
2015-09-06T04:02:01+03:00,11.41,0.20,0.00,0.03,17,0,0,0,0,0,0,0
2015-09-06T04:03:02+03:00,11.41,0.20,0.00,0.02,17,0,0,0,0,0,0,0
2015-09-06T04:04:01+03:00,11.43,0.10,0.00,0.03,17,0,0,0,0,0,0,0
2015-09-06T04:05:01+03:00,11.41,0.20,0.00,0.04,17,0,0,0,0,0,0,0
2015-09-06T04:06:02+03:00,11.39,0.20,0.00,0.04,17,0,0,0,0,0,0,0
2015-09-06T04:07:01+03:00,11.43,0.20,0.00,0.04,17,0,0,0,0,0,0,0
2015-09-06T04:08:01+03:00,11.43,0.20,0.00,0.04,17,0,0,0,0,0,0,0
2015-09-06T04:09:01+03:00,11.41,0.20,0.00,0.04,17,0,0,0,0,0,0,0
2015-09-06T04:10:01+03:00,11.41,0.20,0.00,0.03,17,0,0,0,0,0,0,0
2015-09-06T04:11:02+03:00,11.39,0.10,0.00,0.02,17,0,0,0,0,0,0,0
2015-09-06T04:12:01+03:00,11.41,0.20,0.00,0.03,17,0,0,0,0,0,0,0
2015-09-06T04:13:01+03:00,11.41,0.15,0.00,0.03,17,0,0,0,0,0,0,0
2015-09-06T04:14:01+03:00,11.39,0.15,0.00,0.03,17,0,0,0,0,0,0,0
2015-09-06T04:15:01+03:00,11.39,0.20,0.00,0.01,17,0,0,0,0,0,0,0
2015-09-06T04:16:01+03:00,11.41,0.20,0.00,0.04,17,0,0,0,0,0,0,0
2015-09-06T04:17:01+03:00,11.39,0.20,0.00,0.01,17,0,0,0,0,0,0,0
2015-09-06T04:18:02+03:00,11.41,0.15,0.00,0.03,17,0,0,0,0,0,0,0
2015-09-06T04:19:01+03:00,11.41,0.20,0.00,0.03,17,0,0,0,0,0,0,0
2015-09-06T04:20:01+03:00,11.39,0.10,0.00,0.00,17,0,0,0,0,0,0,0
2015-09-06T04:21:01+03:00,11.43,0.20,0.00,0.02,17,0,0,0,0,0,0,0
2015-09-06T04:22:01+03:00,11.43,0.20,0.00,0.04,17,0,0,0,0,0,0,0
2015-09-06T04:23:01+03:00,11.39,0.20,0.00,0.03,17,0,0,0,0,0,0,0
2015-09-06T04:24:01+03:00,11.41,0.20,0.00,0.03,17,0,0,0,0,0,0,0
2015-09-06T04:25:01+03:00,11.43,0.20,0.00,0.03,17,0,0,0,0,0,0,0
2015-09-06T04:26:01+03:00,11.41,0.20,0.00,0.01,17,0,0,0,0,0,0,0
2015-09-06T04:27:01+03:00,11.39,0.15,0.00,0.02,17,0,0,0,0,0,0,0
2015-09-06T04:28:01+03:00,11.41,0.20,0.00,0.01,17,0,0,0,0,0,0,0
2015-09-06T04:29:01+03:00,11.39,0.20,0.00,0.01,17,0,0,0,0,0,0,0
2015-09-06T04:30:01+03:00,11.39,0.20,0.00,0.04,17,0,0,0,0,0,0,0
2015-09-06T04:31:01+03:00,11.43,0.20,0.00,0.05,17,0,0,0,0,0,0,0
2015-09-06T04:32:01+03:00,11.41,0.20,0.00,0.03,17,0,0,0,0,0,0,0
2015-09-06T04:33:01+03:00,11.41,0.20,0.00,0.03,17,0,0,0,0,0,0,0
2015-09-06T04:34:01+03:00,11.41,0.10,0.00,0.01,17,0,0,0,0,0,0,0
2015-09-06T04:35:01+03:00,11.39,0.20,0.00,0.04,17,0,0,0,0,0,0,0
2015-09-06T04:36:01+03:00,11.41,0.20,0.00,0.04,17,0,0,0,0,0,0,0
2015-09-06T04:37:01+03:00,11.41,0.20,0.00,0.01,17,0,0,0,0,0,0,0
2015-09-06T04:38:01+03:00,11.41,0.25,0.00,0.02,17,0,0,0,0,0,0,0
2015-09-06T04:39:01+03:00,11.39,0.15,0.00,0.03,17,0,0,0,0,0,0,0
2015-09-06T04:40:01+03:00,11.41,0.20,0.00,0.00,17,0,0,0,0,0,0,0
2015-09-06T04:41:02+03:00,11.41,0.30,0.00,0.03,17,0,0,0,0,0,0,0
2015-09-06T04:42:01+03:00,11.39,0.15,0.00,0.03,17,0,0,0,0,0,0,0
2015-09-06T04:43:01+03:00,11.39,0.15,0.00,0.02,17,0,0,0,0,0,0,0
2015-09-06T04:44:01+03:00,11.43,0.20,0.00,0.03,17,0,0,0,0,0,0,0
2015-09-06T04:45:01+03:00,11.39,0.20,0.00,0.03,17,0,0,0,0,0,0,0
2015-09-06T04:46:01+03:00,11.39,0.20,0.00,0.03,17,0,0,0,0,0,0,0
2015-09-06T04:47:01+03:00,11.39,0.15,0.00,0.02,17,0,0,0,0,0,0,0
2015-09-06T04:48:01+03:00,11.39,0.20,0.00,0.01,17,0,0,0,0,0,0,0
2015-09-06T04:49:02+03:00,11.39,0.20,0.00,0.01,17,0,0,0,0,0,0,0
2015-09-06T04:50:01+03:00,11.39,0.20,0.00,0.03,17,0,0,0,0,0,0,0
2015-09-06T04:51:01+03:00,11.39,0.20,0.00,0.03,17,0,0,0,0,0,0,0
2015-09-06T04:52:01+03:00,11.39,0.20,0.00,0.03,17,0,0,0,0,0,0,0
2015-09-06T04:53:01+03:00,11.39,0.20,0.00,0.03,17,0,0,0,0,0,0,0
2015-09-06T04:54:01+03:00,11.39,0.20,0.00,0.05,17,0,0,0,0,0,0,0
2015-09-06T04:55:02+03:00,11.39,0.20,0.00,0.03,17,0,0,0,0,0,0,0
2015-09-06T04:56:01+03:00,11.41,0.20,0.00,0.01,17,0,0,0,0,0,0,0
2015-09-06T04:57:01+03:00,11.41,0.20,0.00,0.01,17,0,0,0,0,0,0,0
2015-09-06T04:58:01+03:00,11.39,0.20,0.00,0.03,17,0,0,0,0,0,0,0
2015-09-06T04:59:01+03:00,11.39,0.20,0.00,0.04,17,0,0,0,0,0,0,0
2015-09-06T05:00:01+03:00,11.41,0.15,0.00,0.04,17,0,0,0,0,0,0,0
2015-09-06T05:01:01+03:00,11.41,0.20,0.00,0.03,17,0,0,0,0,0,0,0
2015-09-06T05:02:01+03:00,11.41,0.20,0.00,0.01,17,0,0,0,0,0,0,0
2015-09-06T05:03:01+03:00,11.39,0.20,0.00,0.03,17,0,0,0,0,0,0,0
2015-09-06T05:04:02+03:00,11.39,0.15,0.00,0.01,16,0,0,0,0,0,0,0
2015-09-06T05:05:01+03:00,11.39,0.20,0.00,0.04,17,0,0,0,0,0,0,0
2015-09-06T05:06:01+03:00,11.39,0.20,0.00,0.03,17,0,0,0,0,0,0,0
2015-09-06T05:07:01+03:00,11.41,0.20,0.00,0.03,17,0,0,0,0,0,0,0
2015-09-06T05:08:02+03:00,11.41,0.20,0.00,0.03,17,0,0,0,0,0,0,0
2015-09-06T05:09:02+03:00,11.41,0.20,0.00,0.03,17,0,0,0,0,0,0,0
2015-09-06T05:10:02+03:00,11.39,0.25,0.00,0.01,17,0,0,0,0,0,0,0
2015-09-06T05:11:02+03:00,11.43,0.20,0.00,0.04,17,0,0,0,0,0,0,0
2015-09-06T05:12:01+03:00,11.39,0.10,0.00,0.01,17,0,0,0,0,0,0,0
2015-09-06T05:13:01+03:00,11.39,0.15,0.00,0.00,16,0,0,0,0,0,0,0
2015-09-06T05:14:01+03:00,11.39,0.20,0.00,0.04,17,0,0,0,0,0,0,0
2015-09-06T05:15:01+03:00,11.41,0.20,0.00,0.00,17,0,0,0,0,0,0,0
2015-09-06T05:16:01+03:00,11.41,0.20,0.00,0.03,17,0,0,0,0,0,0,0
2015-09-06T05:17:01+03:00,11.39,0.20,0.00,0.03,17,0,0,0,0,0,0,0
2015-09-06T05:18:01+03:00,11.37,0.15,0.00,0.02,16,0,0,0,0,0,0,0
2015-09-06T05:19:01+03:00,11.39,0.20,0.00,0.04,16,0,0,0,0,0,0,0
2015-09-06T05:20:02+03:00,11.41,0.20,0.00,0.01,17,0,0,0,0,0,0,0
2015-09-06T05:21:01+03:00,11.39,0.20,0.00,0.03,17,0,0,0,0,0,0,0
2015-09-06T05:22:02+03:00,11.39,0.10,0.00,0.03,16,0,0,0,0,0,0,0
2015-09-06T05:23:02+03:00,11.39,0.20,0.00,0.01,16,0,0,0,0,0,0,0
2015-09-06T05:24:01+03:00,11.41,0.20,0.00,0.01,17,0,0,0,0,0,0,0
2015-09-06T05:25:02+03:00,11.37,0.20,0.00,0.03,16,0,0,0,0,0,0,0
2015-09-06T05:26:01+03:00,11.41,0.20,0.00,0.03,17,0,0,0,0,0,0,0
2015-09-06T05:27:02+03:00,11.41,0.20,0.00,0.04,16,0,0,0,0,0,0,0
2015-09-06T05:28:01+03:00,11.37,0.15,0.00,0.02,16,0,0,0,0,0,0,0
2015-09-06T05:29:01+03:00,11.43,0.20,0.00,0.04,16,0,0,0,0,0,0,0
2015-09-06T05:30:01+03:00,11.39,0.20,0.00,0.00,16,0,0,0,0,0,0,0
2015-09-06T05:31:01+03:00,11.39,0.20,0.00,0.01,16,0,0,0,0,0,0,0
2015-09-06T05:32:02+03:00,11.39,0.15,0.00,0.00,16,0,0,0,0,0,0,0
2015-09-06T05:33:02+03:00,11.41,0.20,0.00,0.01,16,0,0,0,0,0,0,0
2015-09-06T05:34:01+03:00,11.37,0.15,0.00,0.03,16,0,0,0,0,0,0,0
2015-09-06T05:35:02+03:00,11.41,0.25,0.00,0.03,16,0,0,0,0,0,0,0
2015-09-06T05:36:01+03:00,11.39,0.20,0.00,0.03,16,0,0,0,0,0,0,0
2015-09-06T05:37:01+03:00,11.41,0.20,0.00,0.04,16,0,0,0,0,0,0,0
2015-09-06T05:38:01+03:00,11.39,0.20,0.00,0.03,16,0,0,0,0,0,0,0
2015-09-06T05:39:01+03:00,11.39,0.20,0.00,0.01,16,0,0,0,0,0,0,0
2015-09-06T05:40:01+03:00,11.41,0.20,0.00,0.03,17,0,0,0,0,0,0,0
2015-09-06T05:41:02+03:00,11.39,0.25,0.00,0.06,17,0,0,0,0,0,0,0
2015-09-06T05:42:01+03:00,11.39,0.20,0.00,0.04,16,0,0,0,0,0,0,0
2015-09-06T05:43:01+03:00,11.39,0.30,0.00,0.03,17,0,0,0,0,0,0,0
2015-09-06T05:44:01+03:00,11.39,0.20,0.00,0.00,16,0,0,0,0,0,0,0
2015-09-06T05:45:01+03:00,11.41,0.20,0.00,0.03,16,0,0,0,0,0,0,0
2015-09-06T05:46:02+03:00,11.41,0.20,0.00,0.03,16,0,0,0,0,0,0,0
2015-09-06T05:47:02+03:00,11.39,0.20,0.00,0.00,16,0,0,0,0,0,0,0
2015-09-06T05:48:01+03:00,11.39,0.15,0.00,0.03,16,0,0,0,0,0,0,0
2015-09-06T05:49:01+03:00,11.39,0.20,0.00,0.00,16,0,0,0,0,0,0,0
2015-09-06T05:50:02+03:00,11.43,0.25,0.00,0.00,16,0,0,0,0,0,0,0
2015-09-06T05:51:02+03:00,11.39,0.25,0.00,0.04,16,0,0,0,0,0,0,0
2015-09-06T05:52:01+03:00,11.39,0.40,0.00,0.01,17,0,0,0,0,0,0,0
2015-09-06T05:53:01+03:00,11.37,0.20,0.00,0.01,16,0,0,0,0,0,0,0
2015-09-06T05:54:01+03:00,11.41,0.35,0.00,0.03,16,0,0,0,0,0,0,0
2015-09-06T05:55:01+03:00,11.39,0.25,0.00,0.03,16,0,0,0,0,0,0,0
2015-09-06T05:56:01+03:00,11.37,0.35,0.00,0.03,16,0,0,0,0,0,0,0
2015-09-06T05:57:01+03:00,11.37,0.30,0.00,0.04,16,0,0,0,0,0,0,0
2015-09-06T05:58:01+03:00,11.39,0.45,0.00,0.04,16,0,0,0,0,0,0,0
2015-09-06T05:59:01+03:00,11.37,0.45,0.00,0.01,16,0,0,0,0,0,0,0
2015-09-06T06:00:01+03:00,11.39,0.60,0.00,0.04,16,0,0,0,0,0,0,0
2015-09-06T06:01:02+03:00,11.39,0.65,0.00,0.04,16,0,0,0,0,0,0,0
2015-09-06T06:02:01+03:00,11.39,0.80,0.00,0.01,16,0,0,0,0,0,0,0
2015-09-06T06:03:02+03:00,11.39,0.85,0.00,0.03,16,0,0,0,0,0,0,0
2015-09-06T06:04:01+03:00,11.39,1.05,0.00,0.01,16,0,0,0,0,0,0,0
2015-09-06T06:05:01+03:00,11.39,1.10,0.00,0.03,16,0,0,0,0,0,0,0
2015-09-06T06:06:01+03:00,11.37,1.10,0.00,0.04,16,0,0,0,0,0,0,0
2015-09-06T06:07:01+03:00,11.39,1.25,0.00,0.03,16,0,0,0,0,0,0,0
2015-09-06T06:08:01+03:00,11.39,1.45,0.00,0.03,16,0,0,0,0,0,0,0
2015-09-06T06:09:02+03:00,11.39,1.55,0.00,0.04,16,0,0,0,0,0,0,0
2015-09-06T06:10:02+03:00,11.39,1.80,0.00,0.02,16,0,0,0,0,0,0,0
2015-09-06T06:11:02+03:00,11.37,2.05,0.00,0.03,16,0,0,0,0,0,0,0
2015-09-06T06:12:01+03:00,11.37,2.25,0.00,0.01,16,0,0,0,0,0,0,0
2015-09-06T06:13:01+03:00,11.39,2.45,0.00,0.01,16,0,0,0,0,0,0,0
2015-09-06T06:14:02+03:00,11.37,2.60,0.00,0.03,16,0,0,0,0,0,0,0
2015-09-06T06:15:01+03:00,11.39,2.75,0.00,0.01,16,0,0,0,0,0,0,0
2015-09-06T06:16:02+03:00,11.37,2.80,0.00,0.00,16,0,0,0,0,0,0,0
2015-09-06T06:17:01+03:00,11.39,3.15,0.00,0.03,17,0,0,0,0,0,0,0
2015-09-06T06:18:01+03:00,11.39,3.25,0.00,0.04,16,0,0,0,0,0,0,0
2015-09-06T06:19:01+03:00,11.39,3.50,0.00,0.03,16,0,0,0,0,0,0,0
2015-09-06T06:20:01+03:00,11.39,3.75,0.00,0.04,16,0,0,0,0,0,0,0
2015-09-06T06:21:02+03:00,11.39,4.05,0.00,0.03,16,0,0,0,0,0,0,0
2015-09-06T06:22:01+03:00,11.37,4.30,0.00,0.02,16,0,0,0,0,0,0,0
2015-09-06T06:23:01+03:00,11.41,4.75,0.00,0.04,16,0,0,0,0,0,0,0
2015-09-06T06:24:01+03:00,11.41,5.15,0.00,0.01,16,0,0,0,0,0,0,0
2015-09-06T06:25:01+03:00,11.39,5.60,0.00,0.03,16,0,0,0,0,0,0,0
2015-09-06T06:26:01+03:00,11.39,5.90,0.00,0.00,16,0,0,0,0,0,0,0
2015-09-06T06:27:02+03:00,11.39,6.20,0.00,0.03,16,0,0,0,0,0,0,0
2015-09-06T06:28:01+03:00,11.37,6.40,0.00,0.03,16,0,0,0,0,0,0,0
2015-09-06T06:29:01+03:00,11.39,6.55,0.00,0.02,16,0,0,0,0,0,0,0
2015-09-06T06:30:02+03:00,11.37,6.90,0.00,0.04,16,0,0,0,0,0,0,0
2015-09-06T06:31:01+03:00,11.37,7.20,0.00,0.04,16,0,0,0,0,0,0,0
2015-09-06T06:32:02+03:00,11.39,7.65,0.00,0.04,16,0,0,0,0,0,0,0
2015-09-06T06:33:01+03:00,11.41,8.05,0.00,0.03,16,0,0,0,0,0,0,0
2015-09-06T06:34:02+03:00,11.39,8.40,0.00,0.01,16,0,0,0,0,0,0,0
2015-09-06T06:35:01+03:00,11.39,8.75,0.00,0.04,16,0,0,0,0,0,0,0
2015-09-06T06:36:01+03:00,11.39,8.90,0.00,0.04,16,0,0,0,0,0,0,0
2015-09-06T06:37:01+03:00,11.41,9.05,0.00,0.03,16,0,0,0,0,0,0,0
2015-09-06T06:38:01+03:00,11.37,9.15,0.00,0.04,16,0,0,0,0,0,0,0
2015-09-06T06:39:01+03:00,11.39,9.20,0.00,0.03,16,0,0,0,0,0,0,0
2015-09-06T06:40:02+03:00,11.39,9.30,0.00,0.03,16,0,0,0,0,0,0,0
2015-09-06T06:41:02+03:00,11.37,9.40,0.00,0.03,16,0,0,0,0,0,0,0
2015-09-06T06:42:02+03:00,11.37,9.45,0.00,0.03,16,0,0,0,0,0,0,0
2015-09-06T06:43:01+03:00,11.37,9.60,0.00,0.04,16,0,0,0,0,0,0,0
2015-09-06T06:44:01+03:00,11.37,9.75,0.00,0.03,16,0,0,0,0,0,0,0
2015-09-06T06:45:01+03:00,11.41,9.95,0.00,0.03,16,0,0,0,0,0,0,0
2015-09-06T06:46:01+03:00,11.37,10.20,0.00,0.00,16,0,0,0,0,0,0,0
2015-09-06T06:47:01+03:00,11.35,10.50,0.00,0.00,16,0,0,0,0,0,0,0
2015-09-06T06:48:01+03:00,11.39,10.75,0.00,0.04,16,0,0,0,0,0,0,0
2015-09-06T06:49:01+03:00,11.37,11.05,0.00,0.03,16,0,0,0,0,0,0,0
2015-09-06T06:50:02+03:00,11.37,11.50,0.00,0.03,16,0,0,0,0,0,0,0
2015-09-06T06:51:01+03:00,11.37,11.75,0.00,0.00,16,0,0,0,0,0,0,0
2015-09-06T06:52:02+03:00,11.37,12.00,0.00,0.02,16,0,0,0,0,0,0,0
2015-09-06T06:53:01+03:00,11.37,12.10,0.00,0.01,16,0,0,0,0,0,0,0
2015-09-06T06:54:01+03:00,11.37,11.85,0.00,0.04,16,0,0,0,0,0,0,0
2015-09-06T06:55:02+03:00,11.37,12.05,0.00,0.05,16,0,0,0,0,0,0,0
2015-09-06T06:56:01+03:00,11.35,12.20,0.00,0.01,16,0,0,0,0,0,0,0
2015-09-06T06:57:01+03:00,11.35,12.15,0.00,0.04,16,0,0,0,0,0,0,0
2015-09-06T06:58:02+03:00,11.37,12.05,0.00,0.01,16,0,0,0,0,0,0,0
2015-09-06T06:59:01+03:00,11.37,11.80,0.00,0.03,16,0,0,0,0,0,0,0
2015-09-06T07:00:02+03:00,11.39,11.95,0.00,0.01,16,0,0,0,0,0,0,0
2015-09-06T07:01:01+03:00,11.37,11.95,0.00,0.03,16,0,0,0,0,0,0,0
2015-09-06T07:02:02+03:00,11.39,12.00,0.00,0.05,16,0,0,0,0,0,0,0
2015-09-06T07:03:01+03:00,11.35,11.95,0.00,0.01,16,0,0,0,0,0,0,0
2015-09-06T07:04:01+03:00,11.35,12.00,0.00,0.01,16,0,0,0,0,0,0,0
2015-09-06T07:05:01+03:00,11.39,12.20,0.00,0.04,16,0,0,0,0,0,0,0
2015-09-06T07:06:01+03:00,11.37,12.40,0.00,0.03,16,0,0,0,0,0,0,0
2015-09-06T07:07:01+03:00,11.37,12.45,0.00,0.01,16,0,0,0,0,0,0,1
2015-09-06T07:08:01+03:00,11.37,12.56,0.01,0.03,17,0,0,0,0,0,0,1
2015-09-06T07:09:01+03:00,11.39,12.40,0.02,0.01,17,0,0,0,0,0,0,1
2015-09-06T07:10:02+03:00,11.39,12.10,0.00,0.03,17,0,0,0,0,0,0,1
2015-09-06T07:11:02+03:00,11.39,11.75,0.00,0.03,17,0,0,0,0,0,0,1
2015-09-06T07:12:01+03:00,11.37,11.80,0.00,0.03,17,0,0,0,0,0,0,1
2015-09-06T07:13:01+03:00,11.37,11.85,0.02,0.03,17,0,0,0,0,0,0,1
2015-09-06T07:14:02+03:00,11.39,12.25,0.02,0.05,17,0,0,0,0,0,0,1
2015-09-06T07:15:02+03:00,11.35,12.71,0.00,0.03,17,0,0,0,0,0,0,1
2015-09-06T07:16:01+03:00,11.39,12.91,0.00,0.01,17,0,0,0,0,0,0,1
2015-09-06T07:17:01+03:00,11.37,13.01,0.00,0.00,17,0,0,0,0,0,0,1
2015-09-06T07:18:02+03:00,11.39,13.11,0.00,0.04,18,0,0,0,0,0,0,1
2015-09-06T07:19:02+03:00,11.37,12.86,0.00,0.01,18,0,0,0,0,0,0,1
2015-09-06T07:20:01+03:00,11.39,13.21,0.00,0.04,17,0,0,0,0,0,0,1
2015-09-06T07:21:01+03:00,11.37,13.76,0.00,0.01,17,0,0,0,0,0,0,1
2015-09-06T07:22:02+03:00,11.35,13.96,0.00,0.02,18,0,0,0,0,0,0,1
2015-09-06T07:23:01+03:00,11.37,14.36,0.00,0.01,18,0,0,0,0,0,0,1
2015-09-06T07:24:02+03:00,11.37,14.61,0.02,0.03,18,0,0,0,0,0,0,1
2015-09-06T07:25:02+03:00,11.37,14.76,0.00,0.00,18,0,0,0,0,0,0,1
2015-09-06T07:26:01+03:00,11.35,14.91,0.00,0.02,18,0,0,0,0,0,0,1
2015-09-06T07:27:01+03:00,11.37,15.26,0.00,0.03,18,0,0,0,0,0,0,1
2015-09-06T07:28:01+03:00,11.35,15.31,0.00,0.02,18,0,0,0,0,0,0,1
2015-09-06T07:29:01+03:00,11.37,15.21,0.00,0.04,18,0,0,0,0,0,0,1
2015-09-06T07:30:02+03:00,11.37,15.01,0.00,0.01,18,0,0,0,0,0,0,1
2015-09-06T07:31:01+03:00,11.39,14.81,0.00,0.01,18,0,0,0,0,0,0,1
2015-09-06T07:32:01+03:00,11.35,14.86,0.00,0.03,18,0,0,0,0,0,0,1
2015-09-06T07:33:01+03:00,11.37,15.26,0.00,0.02,18,0,0,0,0,0,0,1
2015-09-06T07:34:01+03:00,11.35,15.41,0.00,0.02,18,0,0,0,0,0,0,1
2015-09-06T07:35:01+03:00,11.37,15.41,0.01,0.04,18,0,0,0,0,0,0,1
2015-09-06T07:36:01+03:00,11.32,15.51,0.00,0.01,18,0,0,0,0,0,0,1
2015-09-06T07:37:01+03:00,11.37,15.71,0.00,0.02,18,0,0,0,0,0,0,1
2015-09-06T07:38:01+03:00,11.35,15.76,0.01,0.04,18,0,0,0,0,0,0,1
2015-09-06T07:39:01+03:00,11.37,15.86,0.00,0.03,18,0,0,0,0,0,0,1
2015-09-06T07:40:02+03:00,11.39,15.96,0.00,0.02,19,0,0,0,0,0,0,1
2015-09-06T07:41:02+03:00,11.39,16.11,0.02,0.01,19,0,0,0,0,0,0,1
2015-09-06T07:42:01+03:00,11.37,16.16,0.01,0.04,19,0,0,0,0,0,0,1
2015-09-06T07:43:01+03:00,11.35,16.21,0.00,0.01,18,0,0,0,0,0,0,1
2015-09-06T07:44:01+03:00,11.37,16.26,0.00,0.03,19,0,0,0,0,0,0,1
2015-09-06T07:45:01+03:00,11.35,16.01,0.00,0.03,18,0,0,0,0,0,0,1
2015-09-06T07:46:01+03:00,11.39,16.11,0.00,0.04,19,0,0,0,0,0,0,1
2015-09-06T07:47:01+03:00,11.37,16.11,0.02,0.01,19,0,0,0,0,0,0,1
2015-09-06T07:48:01+03:00,11.37,15.86,0.03,0.03,19,0,0,0,0,0,0,1
2015-09-06T07:49:01+03:00,11.37,15.91,0.00,0.01,19,0,0,0,0,0,0,1
2015-09-06T07:50:01+03:00,11.37,15.81,0.00,0.03,19,0,0,0,0,0,0,1
2015-09-06T07:51:02+03:00,11.35,15.71,0.00,0.03,19,0,0,0,0,0,0,1
2015-09-06T07:52:01+03:00,11.35,15.91,0.00,0.03,19,0,0,0,0,0,0,1
2015-09-06T07:53:01+03:00,11.35,15.91,0.01,0.03,19,0,0,0,0,0,0,1
2015-09-06T07:54:01+03:00,11.32,15.41,0.01,0.03,19,0,0,0,0,0,0,1
2015-09-06T07:55:01+03:00,11.37,15.96,0.00,0.03,19,0,0,0,0,0,0,1
2015-09-06T07:56:01+03:00,11.39,15.91,0.02,0.00,19,0,0,0,0,0,0,1
2015-09-06T07:57:01+03:00,11.37,16.26,0.00,0.04,19,0,0,0,0,0,0,1
2015-09-06T07:58:01+03:00,11.37,16.11,0.01,0.03,19,0,0,0,0,0,0,1
2015-09-06T07:59:02+03:00,11.32,15.46,0.01,0.00,19,0,0,0,0,0,0,1
2015-09-06T08:00:02+03:00,11.35,15.91,0.01,0.03,19,0,0,0,0,0,0,1
2015-09-06T08:01:02+03:00,11.35,15.81,0.00,0.03,19,0,0,0,0,0,0,1
2015-09-06T08:02:01+03:00,11.37,15.21,0.00,0.01,19,0,0,0,0,0,0,1
2015-09-06T08:03:01+03:00,11.39,13.91,0.06,0.04,19,0,0,0,0,0,0,1
2015-09-06T08:04:01+03:00,11.39,13.21,0.06,0.04,19,0,0,0,0,0,0,1
2015-09-06T08:05:01+03:00,11.35,14.91,0.02,0.01,19,0,0,0,0,0,0,1
2015-09-06T08:06:01+03:00,11.39,15.01,0.02,0.03,19,0,0,0,0,0,0,1
2015-09-06T08:07:01+03:00,11.37,14.16,0.04,0.03,19,0,0,0,0,0,0,1
2015-09-06T08:08:02+03:00,11.39,13.06,0.08,0.03,19,0,0,0,0,0,0,1
2015-09-06T08:09:02+03:00,11.37,12.61,0.06,0.04,19,0,0,0,0,0,0,1
2015-09-06T08:10:02+03:00,11.39,13.21,0.06,0.03,19,0,0,0,0,0,0,1
2015-09-06T08:11:01+03:00,11.37,16.86,0.01,0.03,19,0,0,0,0,0,0,1
2015-09-06T08:12:01+03:00,11.39,12.56,0.07,0.05,19,0,0,0,0,0,0,1
2015-09-06T08:13:01+03:00,11.39,12.91,0.08,0.04,19,0,0,0,0,0,0,1
2015-09-06T08:14:02+03:00,11.35,15.41,0.01,0.01,18,0,0,0,0,0,0,1
2015-09-06T08:15:01+03:00,11.35,14.66,0.05,0.02,19,0,0,0,0,0,0,1
2015-09-06T08:16:01+03:00,11.35,14.41,0.05,0.03,19,0,0,0,0,0,0,1
2015-09-06T08:17:01+03:00,11.39,13.91,0.06,0.00,19,0,0,0,0,0,0,1
2015-09-06T08:18:01+03:00,11.41,13.36,0.10,0.03,19,0,0,0,0,0,0,1
2015-09-06T08:19:01+03:00,11.39,13.06,0.11,0.03,19,0,0,0,0,0,0,1
2015-09-06T08:20:01+03:00,11.39,13.26,0.09,0.01,18,0,0,0,0,0,0,1
2015-09-06T08:21:01+03:00,11.39,14.26,0.09,0.03,19,0,0,0,0,0,0,1
2015-09-06T08:22:02+03:00,11.39,13.66,0.10,0.01,19,0,0,0,0,0,0,1
2015-09-06T08:23:01+03:00,11.41,13.66,0.11,0.03,19,0,0,0,0,0,0,1
2015-09-06T08:24:02+03:00,11.41,13.96,0.10,0.01,19,0,0,0,0,0,0,1
2015-09-06T08:25:01+03:00,11.37,14.26,0.08,0.01,19,0,0,0,0,0,0,1
2015-09-06T08:26:01+03:00,11.41,15.06,0.12,0.01,19,0,0,0,0,0,0,1
2015-09-06T08:27:02+03:00,11.41,14.91,0.16,0.00,19,0,0,0,0,0,0,1
2015-09-06T08:28:01+03:00,11.43,14.61,0.17,0.03,19,0,0,0,0,0,0,1
2015-09-06T08:29:02+03:00,11.41,14.91,0.18,0.01,18,0,0,0,0,0,0,1
2015-09-06T08:30:01+03:00,11.39,14.31,0.15,0.00,19,0,0,0,0,0,0,1
2015-09-06T08:31:01+03:00,11.46,14.51,0.22,0.04,19,0,0,0,0,0,0,1
2015-09-06T08:32:01+03:00,11.41,13.66,0.20,0.01,18,0,0,0,0,0,0,1
2015-09-06T08:33:01+03:00,11.46,14.16,0.23,0.02,19,0,0,0,0,0,0,1
2015-09-06T08:34:02+03:00,11.43,13.21,0.21,0.01,19,0,0,0,0,0,0,1
2015-09-06T08:35:02+03:00,11.48,13.96,0.23,0.04,19,0,0,0,0,0,0,1
2015-09-06T08:36:01+03:00,11.50,13.16,0.22,0.03,19,0,0,0,0,0,0,1
2015-09-06T08:37:01+03:00,11.50,13.31,0.24,0.04,19,0,0,0,0,0,0,1
2015-09-06T08:38:01+03:00,11.48,13.06,0.21,0.03,19,0,0,0,0,0,0,1
2015-09-06T08:39:01+03:00,11.52,14.01,0.30,0.03,19,0,0,0,0,0,0,1
2015-09-06T08:40:01+03:00,11.50,14.76,0.33,0.00,19,0,0,0,0,0,0,1
2015-09-06T08:41:02+03:00,11.54,13.81,0.35,0.03,18,0,0,0,0,0,0,1
2015-09-06T08:42:01+03:00,11.50,15.11,0.37,0.04,19,0,0,0,0,0,0,1
2015-09-06T08:43:01+03:00,11.61,16.66,0.45,0.04,19,0,0,0,0,0,0,1
2015-09-06T08:44:01+03:00,11.59,17.31,0.47,0.03,19,0,0,0,0,0,0,1
2015-09-06T08:45:01+03:00,11.61,17.16,0.45,0.04,19,0,0,0,0,0,0,1
2015-09-06T08:46:01+03:00,11.61,17.71,0.43,0.02,19,0,0,0,0,0,0,1
2015-09-06T08:47:01+03:00,11.72,18.71,0.69,0.05,19,0,0,0,0,0,0,1
2015-09-06T08:48:01+03:00,11.77,17.91,0.71,0.03,19,0,0,0,0,0,0,1
2015-09-06T08:49:01+03:00,11.79,18.56,0.72,0.01,19,0,0,0,0,0,0,1
2015-09-06T08:50:01+03:00,11.85,18.61,0.65,0.02,19,0,0,0,0,0,0,1
2015-09-06T08:51:01+03:00,11.85,17.86,0.61,0.04,19,0,0,0,0,0,0,1
2015-09-06T08:52:01+03:00,11.83,17.31,0.50,0.03,19,0,0,0,0,0,0,1
2015-09-06T08:53:01+03:00,11.90,17.01,0.71,0.00,19,0,0,0,0,0,0,1
2015-09-06T08:54:01+03:00,11.92,17.71,0.70,0.01,19,0,0,0,0,0,0,1
2015-09-06T08:55:01+03:00,12.01,18.11,0.77,0.05,19,0,0,0,0,0,0,1
2015-09-06T08:56:01+03:00,11.94,18.41,0.68,0.03,19,0,0,0,0,0,0,1
2015-09-06T08:57:01+03:00,11.96,18.66,0.70,0.01,19,0,0,0,0,0,0,1
2015-09-06T08:58:02+03:00,12.05,18.41,0.79,0.04,19,0,0,0,0,0,0,1
2015-09-06T08:59:01+03:00,12.10,18.86,0.87,0.03,19,0,0,0,0,0,0,1
2015-09-06T09:00:02+03:00,12.12,18.96,0.89,0.02,19,0,0,0,0,0,0,1
2015-09-06T09:01:02+03:00,12.14,19.11,0.95,0.04,19,0,0,0,0,0,0,1
2015-09-06T09:02:01+03:00,12.18,18.01,0.97,0.06,19,0,0,0,0,0,0,1
2015-09-06T09:03:01+03:00,12.16,20.21,0.83,0.03,19,0,0,0,0,0,0,1
2015-09-06T09:04:02+03:00,12.18,18.96,0.80,0.04,19,0,0,0,0,0,0,1
2015-09-06T09:05:01+03:00,12.14,19.81,0.88,0.03,20,0,0,0,0,0,0,1
2015-09-06T09:06:02+03:00,12.14,20.36,0.89,0.04,20,0,0,0,0,0,0,1
2015-09-06T09:07:01+03:00,12.18,20.36,0.98,0.04,20,0,0,0,0,0,0,1
2015-09-06T09:08:01+03:00,12.22,20.81,1.00,0.03,20,0,0,0,0,0,0,1
2015-09-06T09:09:01+03:00,12.21,20.16,1.07,0.04,20,0,0,0,0,0,0,1
2015-09-06T09:10:02+03:00,12.31,20.86,1.30,0.04,20,0,0,0,0,0,0,1
2015-09-06T09:11:01+03:00,12.31,20.51,1.43,0.03,20,0,0,0,0,0,0,1
2015-09-06T09:12:01+03:00,12.24,19.36,1.09,0.03,20,0,0,0,0,0,0,1
2015-09-06T09:13:02+03:00,12.18,18.66,0.91,0.03,20,0,0,0,0,0,0,1
2015-09-06T09:14:01+03:00,12.10,16.56,0.74,0.06,20,0,0,0,0,0,0,1
2015-09-06T09:15:01+03:00,12.05,16.21,0.72,0.01,20,0,0,0,0,0,0,1
2015-09-06T09:16:01+03:00,12.16,17.61,1.05,0.01,20,0,0,0,0,0,0,1
2015-09-06T09:17:02+03:00,12.10,18.21,0.71,0.02,20,0,0,0,0,0,0,1
2015-09-06T09:18:01+03:00,12.14,18.06,1.19,0.00,20,0,0,0,0,0,0,1
2015-09-06T09:19:01+03:00,12.55,18.51,1.54,0.05,20,0,0,0,0,0,0,1
2015-09-06T09:20:02+03:00,12.07,17.51,0.64,0.04,21,0,0,0,0,0,0,1
2015-09-06T09:21:01+03:00,12.05,17.76,0.58,0.03,20,0,0,0,0,0,0,1
2015-09-06T09:22:01+03:00,12.05,17.11,0.68,0.02,20,0,0,0,0,0,0,1
2015-09-06T09:23:01+03:00,12.12,18.16,0.97,0.03,20,0,0,0,0,0,0,1
2015-09-06T09:24:01+03:00,12.37,18.46,1.48,0.02,20,0,0,0,0,0,0,1
2015-09-06T09:25:01+03:00,12.10,17.26,0.82,0.01,20,0,0,0,0,0,0,1
2015-09-06T09:26:01+03:00,12.10,17.21,0.73,0.02,21,0,0,0,0,0,0,1
2015-09-06T09:27:01+03:00,12.01,17.21,0.62,0.03,20,0,0,0,0,0,0,1
2015-09-06T09:28:01+03:00,12.18,16.81,1.47,0.04,20,0,0,0,0,0,0,1
2015-09-06T09:29:01+03:00,12.05,17.76,0.86,0.03,20,0,0,0,0,0,0,1
2015-09-06T09:30:02+03:00,12.14,18.16,1.21,0.01,20,0,0,0,0,0,0,1
2015-09-06T09:31:01+03:00,12.14,17.91,0.90,0.03,21,0,0,0,0,0,0,1
2015-09-06T09:32:01+03:00,12.01,17.76,0.65,0.04,21,0,0,0,0,0,0,1
2015-09-06T09:33:02+03:00,11.99,16.81,0.68,0.03,21,0,0,0,0,0,0,1
2015-09-06T09:34:01+03:00,12.05,17.71,0.75,0.01,21,0,0,0,0,0,0,1
2015-09-06T09:35:02+03:00,12.10,17.71,0.97,0.02,21,0,0,0,0,0,0,1
2015-09-06T09:36:01+03:00,12.26,18.11,1.43,0.02,21,0,0,0,0,0,0,1
2015-09-06T09:37:01+03:00,12.18,19.16,1.12,0.04,21,0,0,0,0,0,0,1
2015-09-06T09:38:01+03:00,12.07,16.86,0.67,0.04,20,0,0,0,0,0,0,1
2015-09-06T09:39:01+03:00,11.96,17.96,0.62,0.04,21,0,0,0,0,0,0,1
2015-09-06T09:40:01+03:00,12.01,17.16,0.73,0.03,21,0,0,0,0,0,0,1
2015-09-06T09:41:01+03:00,12.07,17.56,0.86,0.03,21,0,0,0,0,0,0,1
2015-09-06T09:42:02+03:00,12.05,17.81,0.70,0.04,21,0,0,0,0,0,0,1
2015-09-06T09:43:01+03:00,12.03,17.01,0.90,0.03,21,0,0,0,0,0,0,1
2015-09-06T09:44:01+03:00,12.05,17.46,0.88,0.01,21,0,0,0,0,0,0,1
2015-09-06T09:45:01+03:00,12.05,17.51,0.81,0.03,21,0,0,0,0,0,0,1
2015-09-06T09:46:01+03:00,12.07,17.31,0.85,0.02,21,0,0,0,0,0,0,1
2015-09-06T09:47:01+03:00,12.14,17.71,0.95,0.01,21,0,0,0,0,0,0,1
2015-09-06T09:48:01+03:00,12.14,17.11,1.02,0.02,21,0,0,0,0,0,0,1
2015-09-06T09:49:02+03:00,12.14,17.66,0.91,0.02,21,0,0,0,0,0,0,1
2015-09-06T09:50:01+03:00,12.10,17.96,0.77,0.04,21,0,0,0,0,0,0,1
2015-09-06T09:51:02+03:00,12.05,17.51,0.92,0.01,21,0,0,0,0,0,0,1
2015-09-06T09:52:02+03:00,12.03,16.11,0.74,0.01,21,0,0,0,0,0,0,1
2015-09-06T09:53:02+03:00,12.44,19.16,2.35,0.04,21,0,0,0,0,0,0,1
2015-09-06T09:54:01+03:00,12.26,17.96,1.03,0.01,20,0,0,0,0,0,0,1
2015-09-06T09:55:02+03:00,12.16,18.31,1.04,0.01,21,0,0,0,0,0,0,1
2015-09-06T09:56:02+03:00,12.33,15.81,0.94,0.04,21,0,0,0,0,0,0,1
2015-09-06T09:57:01+03:00,13.03,19.46,5.71,0.04,21,0,0,0,0,0,0,1
2015-09-06T09:58:01+03:00,12.44,18.46,2.08,0.01,21,0,0,0,0,0,0,1
2015-09-06T09:59:01+03:00,13.01,18.71,3.61,0.03,21,0,0,0,0,0,0,1
2015-09-06T10:00:01+03:00,13.39,19.66,5.95,0.06,21,0,0,0,0,0,0,1
2015-09-06T10:01:01+03:00,13.12,19.51,5.26,0.03,21,0,0,0,0,0,0,1
2015-09-06T10:02:01+03:00,12.55,18.96,2.11,0.03,21,0,0,0,0,0,0,1
2015-09-06T10:03:01+03:00,12.66,19.11,2.58,0.03,21,0,0,0,0,0,0,1
2015-09-06T10:04:01+03:00,12.72,19.86,2.76,0.05,22,0,0,0,0,0,0,1
2015-09-06T10:05:01+03:00,12.42,19.96,2.04,0.03,22,0,0,0,0,0,0,1
2015-09-06T10:06:01+03:00,12.28,19.76,1.30,0.04,22,0,0,0,0,0,0,1
2015-09-06T10:07:01+03:00,12.18,18.06,0.78,0.04,22,0,0,0,0,0,0,1
2015-09-06T10:08:02+03:00,12.10,17.51,0.70,0.03,22,0,0,0,0,0,0,1
2015-09-06T10:09:01+03:00,12.10,19.31,0.68,0.04,22,0,0,0,0,0,0,1
2015-09-06T10:10:01+03:00,12.07,18.16,0.68,0.02,22,0,0,0,0,0,0,1
2015-09-06T10:11:01+03:00,12.01,18.66,0.52,0.04,22,0,0,0,0,0,0,1
2015-09-06T10:12:01+03:00,12.05,18.46,0.71,0.04,22,0,0,0,0,0,0,1
2015-09-06T10:13:01+03:00,12.05,18.41,0.61,0.01,22,0,0,0,0,0,0,1
2015-09-06T10:14:01+03:00,12.01,17.81,0.52,0.03,22,0,0,0,0,0,0,1
2015-09-06T10:15:01+03:00,12.01,18.26,0.54,0.04,22,0,0,0,0,0,0,1
2015-09-06T10:16:01+03:00,11.94,17.56,0.47,0.04,22,0,0,0,0,0,0,1
2015-09-06T10:17:01+03:00,11.96,16.51,0.43,0.03,22,0,0,0,0,0,0,1
2015-09-06T10:18:01+03:00,11.92,15.31,0.39,0.04,22,0,0,0,0,0,0,1
2015-09-06T10:19:02+03:00,11.85,15.66,0.38,0.05,22,0,0,0,0,0,0,1
2015-09-06T10:20:01+03:00,11.94,15.56,0.36,0.04,22,0,0,0,0,0,0,1
2015-09-06T10:21:01+03:00,11.88,14.46,0.33,0.03,22,0,0,0,0,0,0,1
2015-09-06T10:22:01+03:00,11.85,14.01,0.33,0.03,22,0,0,0,0,0,0,1
2015-09-06T10:23:01+03:00,11.90,15.96,0.36,0.05,22,0,0,0,0,0,0,1
2015-09-06T10:24:01+03:00,11.88,15.56,0.37,0.02,22,0,0,0,0,0,0,1
2015-09-06T10:25:02+03:00,11.83,14.56,0.33,0.03,22,0,0,0,0,0,0,1
2015-09-06T10:26:01+03:00,11.85,13.66,0.31,0.01,22,0,0,0,0,0,0,1
2015-09-06T10:27:01+03:00,11.85,14.96,0.34,0.03,22,0,0,0,0,0,0,1
2015-09-06T10:28:01+03:00,11.85,14.31,0.33,0.03,22,0,0,0,0,0,0,1
2015-09-06T10:29:02+03:00,11.88,14.76,0.34,0.05,22,0,0,0,0,0,0,1
2015-09-06T10:30:01+03:00,11.85,15.56,0.33,0.03,22,0,0,0,0,0,0,1
2015-09-06T10:31:01+03:00,11.81,15.41,0.27,0.03,22,0,0,0,0,0,0,1
2015-09-06T10:32:01+03:00,11.79,15.06,0.23,0.03,22,0,0,0,0,0,0,1
2015-09-06T10:33:01+03:00,11.79,15.61,0.25,0.02,22,0,0,0,0,0,0,1
2015-09-06T10:34:01+03:00,11.81,15.36,0.28,0.04,22,0,0,0,0,0,0,1
2015-09-06T10:35:01+03:00,11.81,15.66,0.28,0.03,22,0,0,0,0,0,0,1
2015-09-06T10:36:01+03:00,11.81,15.21,0.35,0.04,22,0,0,0,0,0,0,1
2015-09-06T10:37:01+03:00,11.83,14.41,0.38,0.03,22,0,0,0,0,0,0,1
2015-09-06T10:38:01+03:00,11.85,14.91,0.44,0.04,22,0,0,0,0,0,0,1
2015-09-06T10:39:02+03:00,11.88,15.66,0.47,0.03,21,0,0,0,0,0,0,1
2015-09-06T10:40:01+03:00,11.90,15.16,0.47,0.03,22,0,0,0,0,0,0,1
2015-09-06T10:41:01+03:00,11.90,16.01,0.48,0.03,22,0,0,0,0,0,0,1
2015-09-06T10:42:01+03:00,11.90,16.26,0.45,0.02,22,0,0,0,0,0,0,1
2015-09-06T10:43:01+03:00,11.85,16.46,0.44,0.01,21,0,0,0,0,0,0,1
2015-09-06T10:44:01+03:00,11.90,16.66,0.43,0.05,22,0,0,0,0,0,0,1
2015-09-06T10:45:01+03:00,11.88,17.41,0.39,0.03,22,0,0,0,0,0,0,1
2015-09-06T10:46:01+03:00,11.88,16.16,0.41,0.04,22,0,0,0,0,0,0,1
2015-09-06T10:47:02+03:00,11.88,15.51,0.36,0.02,21,0,0,0,0,0,0,1
2015-09-06T10:48:01+03:00,11.85,16.11,0.23,0.03,22,0,0,0,0,0,0,1
2015-09-06T10:49:01+03:00,11.85,14.91,0.36,0.04,22,0,0,0,0,0,0,1
2015-09-06T10:50:01+03:00,11.83,14.96,0.39,0.03,21,0,0,0,0,0,0,1
2015-09-06T10:51:02+03:00,11.88,15.51,0.39,0.03,22,0,0,0,0,0,0,1
2015-09-06T10:52:02+03:00,11.88,15.81,0.39,0.03,22,0,0,0,0,0,0,1
2015-09-06T10:53:01+03:00,11.88,16.01,0.37,0.03,21,0,0,0,0,0,0,1
2015-09-06T10:54:01+03:00,11.85,17.01,0.39,0.03,22,0,0,0,0,0,0,1
2015-09-06T10:55:01+03:00,11.85,16.36,0.42,0.04,21,0,0,0,0,0,0,1
2015-09-06T10:56:01+03:00,11.85,16.31,0.41,0.04,21,0,0,0,0,0,0,1
2015-09-06T10:57:01+03:00,11.85,16.41,0.40,0.04,21,0,0,0,0,0,0,1
2015-09-06T10:58:01+03:00,11.85,15.76,0.38,0.03,21,0,0,0,0,0,0,1
2015-09-06T10:59:01+03:00,11.83,17.21,0.30,0.03,21,0,0,0,0,0,0,1
2015-09-06T11:00:02+03:00,11.83,16.36,0.33,0.04,21,0,0,0,0,0,0,1
2015-09-06T11:01:01+03:00,11.81,16.01,0.31,0.03,22,0,0,0,0,0,0,1
2015-09-06T11:02:01+03:00,11.83,16.16,0.36,0.04,21,0,0,0,0,0,0,1
2015-09-06T11:03:02+03:00,11.81,15.76,0.37,0.05,21,0,0,0,0,0,0,1
2015-09-06T11:04:01+03:00,11.81,17.96,0.28,0.04,21,0,0,0,0,0,0,1
2015-09-06T11:05:01+03:00,11.85,16.26,0.40,0.03,21,0,0,0,0,0,0,1
2015-09-06T11:06:01+03:00,11.81,15.31,0.39,0.00,21,0,0,0,0,0,0,1
2015-09-06T11:07:02+03:00,11.81,14.16,0.40,0.03,21,0,0,0,0,0,0,1
2015-09-06T11:08:01+03:00,11.83,15.01,0.42,0.04,21,0,0,0,0,0,0,1
2015-09-06T11:09:01+03:00,11.88,16.46,0.42,0.04,21,0,0,0,0,0,0,1
2015-09-06T11:10:02+03:00,11.83,16.46,0.35,0.05,21,0,0,0,0,0,0,1
2015-09-06T11:11:01+03:00,11.85,16.46,0.30,0.05,21,0,0,0,0,0,0,1
2015-09-06T11:12:02+03:00,11.74,16.71,0.23,0.03,21,0,0,0,0,0,0,1
2015-09-06T11:13:01+03:00,11.74,16.41,0.21,0.03,22,0,0,0,0,0,0,1
2015-09-06T11:14:01+03:00,11.77,17.01,0.20,0.04,21,0,0,0,0,0,0,1
2015-09-06T11:15:01+03:00,11.77,16.06,0.24,0.04,21,0,0,0,0,0,0,1
2015-09-06T11:16:01+03:00,11.81,15.81,0.31,0.04,21,0,0,0,0,0,0,1
2015-09-06T11:17:01+03:00,11.79,15.66,0.36,0.02,21,0,0,0,0,0,0,1
2015-09-06T11:18:01+03:00,11.81,14.31,0.42,0.03,21,0,0,0,0,0,0,1
2015-09-06T11:19:01+03:00,11.83,13.71,0.43,0.03,21,0,0,0,0,0,0,1
2015-09-06T11:20:02+03:00,11.85,14.01,0.42,0.04,21,0,0,0,0,0,0,1
2015-09-06T11:21:01+03:00,11.88,14.91,0.39,0.04,21,0,0,0,0,0,0,1
2015-09-06T11:22:02+03:00,11.90,15.71,0.49,0.04,21,0,0,0,0,0,0,1
2015-09-06T11:23:01+03:00,11.85,15.71,0.46,0.01,21,0,0,0,0,0,0,1
2015-09-06T11:24:01+03:00,11.85,16.31,0.50,0.03,21,0,0,0,0,0,0,1
2015-09-06T11:25:01+03:00,11.90,16.86,0.47,0.03,21,0,0,0,0,0,0,1
2015-09-06T11:26:01+03:00,11.85,14.91,0.40,0.02,21,0,0,0,0,0,0,1
2015-09-06T11:27:01+03:00,11.85,15.51,0.37,0.03,21,0,0,0,0,0,0,1
2015-09-06T11:28:01+03:00,11.88,16.01,0.52,0.04,21,0,0,0,0,0,0,1
2015-09-06T11:29:01+03:00,11.83,16.21,0.50,0.02,21,0,0,0,0,0,0,1
2015-09-06T11:30:01+03:00,11.83,15.51,0.47,0.03,21,0,0,0,0,0,0,1
2015-09-06T11:31:01+03:00,11.96,15.16,0.58,0.03,21,0,0,0,0,0,0,1
2015-09-06T11:32:01+03:00,11.92,15.11,0.47,0.04,21,0,0,0,0,0,0,1
2015-09-06T11:33:01+03:00,11.85,14.66,0.35,0.04,21,0,0,0,0,0,0,1
2015-09-06T11:34:01+03:00,11.92,15.11,0.44,0.05,21,0,0,0,0,0,0,1
2015-09-06T11:35:01+03:00,11.92,14.41,0.39,0.05,21,0,0,0,0,0,0,1
2015-09-06T11:36:01+03:00,11.83,13.36,0.38,0.01,21,0,0,0,0,0,0,1
2015-09-06T11:37:02+03:00,11.85,13.81,0.34,0.01,21,0,0,0,0,0,0,1
2015-09-06T11:38:01+03:00,11.81,13.36,0.31,0.03,21,0,0,0,0,0,0,1
2015-09-06T11:39:02+03:00,11.85,13.26,0.39,0.02,21,0,0,0,0,0,0,1
2015-09-06T11:40:01+03:00,11.85,13.81,0.39,0.04,21,0,0,0,0,0,0,1
2015-09-06T11:41:01+03:00,11.85,14.01,0.42,0.01,21,0,0,0,0,0,0,1
2015-09-06T11:42:01+03:00,11.85,14.06,0.43,0.03,21,0,0,0,0,0,0,1
2015-09-06T11:43:01+03:00,11.88,14.81,0.42,0.06,21,0,0,0,0,0,0,1
2015-09-06T11:44:02+03:00,11.85,14.26,0.37,0.03,21,0,0,0,0,0,0,1
2015-09-06T11:45:01+03:00,11.83,14.36,0.34,0.01,21,0,0,0,0,0,0,1
2015-09-06T11:46:02+03:00,11.83,14.91,0.23,0.03,21,0,0,0,0,0,0,1
2015-09-06T11:47:01+03:00,11.79,15.26,0.20,0.03,21,0,0,0,0,0,0,1
2015-09-06T11:48:01+03:00,11.79,14.06,0.20,0.03,21,0,0,0,0,0,0,1
2015-09-06T11:49:01+03:00,11.77,13.86,0.13,0.02,21,0,0,0,0,0,0,1
2015-09-06T11:50:01+03:00,11.72,14.11,0.12,0.02,21,0,0,0,0,0,0,1
2015-09-06T11:51:02+03:00,11.72,14.26,0.20,0.02,21,0,0,0,0,0,0,1
2015-09-06T11:52:01+03:00,11.77,13.91,0.18,0.05,21,0,0,0,0,0,0,1
2015-09-06T11:53:02+03:00,11.70,14.16,0.10,0.03,21,0,0,0,0,0,0,1
2015-09-06T11:54:02+03:00,11.77,15.86,0.30,0.03,21,0,0,0,0,0,0,1
2015-09-06T11:55:01+03:00,11.77,14.41,0.33,0.03,21,0,0,0,0,0,0,1
2015-09-06T11:56:01+03:00,11.77,15.06,0.24,0.03,21,0,0,0,0,0,0,1
2015-09-06T11:57:01+03:00,11.79,13.91,0.30,0.04,21,0,0,0,0,0,0,1
2015-09-06T11:58:01+03:00,11.77,14.46,0.24,0.03,21,0,0,0,0,0,0,1
2015-09-06T11:59:02+03:00,11.74,13.71,0.20,0.01,21,0,0,0,0,0,0,1
2015-09-06T12:00:01+03:00,11.70,13.76,0.20,0.02,21,0,0,0,0,0,0,1
2015-09-06T12:01:01+03:00,11.72,14.26,0.22,0.02,21,0,0,0,0,0,0,1
2015-09-06T12:02:02+03:00,11.72,12.81,0.15,0.01,21,0,0,0,0,0,0,1
2015-09-06T12:03:02+03:00,11.72,13.31,0.19,0.04,21,0,0,0,0,0,0,1
2015-09-06T12:04:02+03:00,11.72,14.11,0.21,0.03,21,0,0,0,0,0,0,1
2015-09-06T12:05:02+03:00,11.77,13.96,0.23,0.03,21,0,0,0,0,0,0,1
2015-09-06T12:06:01+03:00,11.74,13.96,0.20,0.03,21,0,0,0,0,0,0,1
2015-09-06T12:07:01+03:00,11.72,14.66,0.21,0.03,21,0,0,0,0,0,0,1
2015-09-06T12:08:01+03:00,11.74,15.16,0.22,0.02,21,0,0,0,0,0,0,1
2015-09-06T12:09:01+03:00,11.77,14.76,0.22,0.04,21,0,0,0,0,0,0,1
2015-09-06T12:10:02+03:00,11.68,14.81,0.18,0.01,21,0,0,0,0,0,0,1
2015-09-06T12:11:02+03:00,11.70,15.56,0.08,0.04,21,0,0,0,0,0,0,1
2015-09-06T12:12:02+03:00,11.72,15.26,0.20,0.03,21,0,0,0,0,0,0,1
2015-09-06T12:13:02+03:00,11.77,15.46,0.36,0.04,21,0,0,0,0,0,0,1
2015-09-06T12:14:01+03:00,11.77,14.71,0.34,0.03,21,0,0,0,0,0,0,1
2015-09-06T12:15:01+03:00,11.74,16.11,0.27,0.03,21,0,0,0,0,0,0,1
2015-09-06T12:16:01+03:00,11.70,15.91,0.25,0.03,21,0,0,0,0,0,0,1
2015-09-06T12:17:02+03:00,11.72,15.16,0.17,0.04,21,0,0,0,0,0,0,1
2015-09-06T12:18:02+03:00,11.70,13.66,0.20,0.04,21,0,0,0,0,0,0,1
2015-09-06T12:19:02+03:00,11.70,13.31,0.21,0.03,21,0,0,0,0,0,0,1
2015-09-06T12:20:01+03:00,11.72,14.01,0.17,0.04,21,0,0,0,0,0,0,1
2015-09-06T12:21:01+03:00,11.70,14.26,0.17,0.03,21,0,0,0,0,0,0,1
2015-09-06T12:22:01+03:00,11.70,13.96,0.21,0.02,21,0,0,0,0,0,0,1
2015-09-06T12:23:02+03:00,11.70,13.76,0.15,0.03,21,0,0,0,0,0,0,1
2015-09-06T12:24:02+03:00,11.68,14.26,0.15,0.02,21,0,0,0,0,0,0,1
2015-09-06T12:25:02+03:00,11.70,15.16,0.16,0.03,21,0,0,0,0,0,0,1
2015-09-06T12:26:02+03:00,11.70,14.56,0.17,0.03,21,0,0,0,0,0,0,1
2015-09-06T12:27:02+03:00,11.72,15.71,0.15,0.02,21,0,0,0,0,0,0,1
2015-09-06T12:28:01+03:00,11.65,14.11,0.17,0.03,21,0,0,0,0,0,0,1
2015-09-06T12:29:01+03:00,11.68,14.41,0.24,0.05,21,0,0,0,0,0,0,1
2015-09-06T12:30:01+03:00,11.68,13.91,0.18,0.03,21,0,0,0,0,0,0,1
2015-09-06T12:31:01+03:00,11.65,13.56,0.14,0.02,21,0,0,0,0,0,0,1
2015-09-06T12:32:01+03:00,11.70,14.01,0.15,0.03,21,0,0,0,0,0,0,1
2015-09-06T12:33:01+03:00,11.68,13.26,0.16,0.03,21,0,0,0,0,0,0,1
2015-09-06T12:34:02+03:00,11.68,18.51,0.00,0.03,21,0,0,0,0,0,0,1
2015-09-06T12:35:01+03:00,11.68,13.51,0.09,0.03,21,0,0,0,0,0,0,1
2015-09-06T12:36:01+03:00,11.65,13.11,0.07,0.03,21,0,0,0,0,0,0,1
2015-09-06T12:37:01+03:00,11.63,14.56,0.08,0.03,21,0,0,0,0,0,0,1
2015-09-06T12:38:01+03:00,11.63,13.61,0.10,0.04,21,0,0,0,0,0,0,1
2015-09-06T12:39:01+03:00,11.63,13.31,0.15,0.03,21,0,0,0,0,0,0,1
2015-09-06T12:40:01+03:00,11.65,13.16,0.12,0.01,21,0,0,0,0,0,0,1
2015-09-06T12:41:02+03:00,11.70,13.46,0.23,0.04,21,0,0,0,0,0,0,1
2015-09-06T12:42:01+03:00,11.63,13.61,0.17,0.01,21,0,0,0,0,0,0,1
2015-09-06T12:43:02+03:00,11.68,13.91,0.24,0.03,21,0,0,0,0,0,0,1
2015-09-06T12:44:01+03:00,11.68,13.86,0.19,0.01,21,0,0,0,0,0,0,1
2015-09-06T12:45:01+03:00,11.70,13.51,0.24,0.05,21,0,0,0,0,0,0,1
2015-09-06T12:46:01+03:00,11.65,13.41,0.14,0.03,21,0,0,0,0,0,0,1
2015-09-06T12:47:01+03:00,11.61,13.56,0.15,0.01,21,0,0,0,0,0,0,1
2015-09-06T12:48:01+03:00,11.68,13.81,0.20,0.03,21,0,0,0,0,0,0,1
2015-09-06T12:49:01+03:00,11.68,12.81,0.22,0.03,21,0,0,0,0,0,0,1
2015-09-06T12:50:02+03:00,11.68,14.46,0.10,0.03,21,0,0,0,0,0,0,1
2015-09-06T12:51:02+03:00,11.65,14.16,0.06,0.03,21,0,0,0,0,0,0,1
2015-09-06T12:52:01+03:00,11.63,14.01,0.06,0.03,21,0,0,0,0,0,0,1
2015-09-06T12:53:01+03:00,11.68,14.21,0.12,0.04,21,0,0,0,0,0,0,1
2015-09-06T12:54:01+03:00,11.63,13.91,0.18,0.03,21,0,0,0,0,0,0,1
2015-09-06T12:55:02+03:00,11.63,13.56,0.21,0.04,21,0,0,0,0,0,0,1
2015-09-06T12:56:01+03:00,11.68,14.31,0.11,0.04,21,0,0,0,0,0,0,1
2015-09-06T12:57:01+03:00,11.63,14.26,0.14,0.03,21,0,0,0,0,0,0,1
2015-09-06T12:58:01+03:00,11.68,13.91,0.14,0.03,21,0,0,0,0,0,0,1
2015-09-06T12:59:01+03:00,11.65,13.61,0.16,0.01,21,0,0,0,0,0,0,1
2015-09-06T13:00:02+03:00,11.65,13.51,0.16,0.03,21,0,0,0,0,0,0,1
2015-09-06T13:01:01+03:00,11.65,14.41,0.20,0.03,21,0,0,0,0,0,0,1
2015-09-06T13:02:01+03:00,11.63,14.01,0.08,0.02,21,0,0,0,0,0,0,1
2015-09-06T13:03:01+03:00,11.61,13.66,0.13,0.03,21,0,0,0,0,0,0,1
2015-09-06T13:04:01+03:00,11.65,14.56,0.25,0.03,21,0,0,0,0,0,0,1
2015-09-06T13:05:01+03:00,11.68,15.06,0.23,0.05,21,0,0,0,0,0,0,1
2015-09-06T13:06:01+03:00,11.68,14.26,0.17,0.03,21,0,0,0,0,0,0,1
2015-09-06T13:07:01+03:00,11.63,15.01,0.23,0.04,21,0,0,0,0,0,0,1
2015-09-06T13:08:02+03:00,11.68,16.66,0.27,0.03,21,0,0,0,0,0,0,1
2015-09-06T13:09:01+03:00,11.65,15.96,0.23,0.04,21,0,0,0,0,0,0,1
2015-09-06T13:10:02+03:00,11.63,15.01,0.07,0.03,21,0,0,0,0,0,0,1
2015-09-06T13:11:01+03:00,11.68,13.36,0.12,0.04,21,0,0,0,0,0,0,1
2015-09-06T13:12:01+03:00,11.65,13.56,0.16,0.03,21,0,0,0,0,0,0,1
2015-09-06T13:13:01+03:00,11.63,13.41,0.19,0.04,21,0,0,0,0,0,0,1
2015-09-06T13:14:01+03:00,11.63,14.16,0.20,0.03,21,0,0,0,0,0,0,1
2015-09-06T13:15:02+03:00,11.63,13.66,0.15,0.03,21,0,0,0,0,0,0,1
2015-09-06T13:16:01+03:00,11.63,13.36,0.16,0.04,21,0,0,0,0,0,0,1
2015-09-06T13:17:01+03:00,11.63,13.01,0.14,0.04,21,0,0,0,0,0,0,1
2015-09-06T13:18:02+03:00,11.65,13.26,0.17,0.03,21,0,0,0,0,0,0,1
2015-09-06T13:19:01+03:00,11.70,14.56,0.28,0.04,21,0,0,0,0,0,0,1
2015-09-06T13:20:01+03:00,11.65,14.41,0.21,0.04,21,0,0,0,0,0,0,1
2015-09-06T13:21:01+03:00,11.68,14.56,0.13,0.02,21,0,0,0,0,0,0,1
2015-09-06T13:22:01+03:00,11.63,13.16,0.12,0.03,21,0,0,0,0,0,0,1
2015-09-06T13:23:01+03:00,11.65,13.86,0.14,0.04,21,0,0,0,0,0,0,1
2015-09-06T13:24:02+03:00,11.68,13.31,0.15,0.04,21,0,0,0,0,0,0,1
2015-09-06T13:25:02+03:00,11.63,12.81,0.19,0.03,21,0,0,0,0,0,0,1
2015-09-06T13:26:01+03:00,11.63,14.41,0.16,0.00,21,0,0,0,0,0,0,1
2015-09-06T13:27:02+03:00,11.65,14.36,0.15,0.01,21,0,0,0,0,0,0,1
2015-09-06T13:28:01+03:00,11.63,14.51,0.21,0.04,21,0,0,0,0,0,0,1
2015-09-06T13:29:02+03:00,11.63,14.81,0.23,0.03,21,0,0,0,0,0,0,1
2015-09-06T13:30:02+03:00,11.68,15.76,0.18,0.05,21,0,0,0,0,0,0,1
2015-09-06T13:31:01+03:00,11.61,15.31,0.14,0.03,21,0,0,0,0,0,0,1
2015-09-06T13:32:01+03:00,11.68,14.71,0.20,0.04,21,0,0,0,0,0,0,1
2015-09-06T13:33:02+03:00,11.68,14.61,0.17,0.03,21,0,0,0,0,0,0,1
2015-09-06T13:34:01+03:00,11.65,14.71,0.21,0.01,22,0,0,0,0,0,0,1
2015-09-06T13:35:02+03:00,11.68,14.61,0.31,0.03,21,0,0,0,0,0,0,1
2015-09-06T13:36:02+03:00,11.63,15.61,0.30,0.03,21,0,0,0,0,0,0,1
2015-09-06T13:37:01+03:00,11.68,16.91,0.27,0.03,21,0,0,0,0,0,0,1
2015-09-06T13:38:01+03:00,11.68,15.36,0.23,0.03,21,0,0,0,0,0,0,1
2015-09-06T13:39:01+03:00,11.63,14.96,0.25,0.03,22,0,0,0,0,0,0,1
2015-09-06T13:40:01+03:00,11.68,14.91,0.27,0.03,21,0,0,0,0,0,0,1
2015-09-06T13:41:01+03:00,11.68,13.76,0.21,0.03,21,0,0,0,0,0,0,1
2015-09-06T13:42:01+03:00,11.63,13.91,0.23,0.03,22,0,0,0,0,0,0,1
2015-09-06T13:43:02+03:00,11.68,13.61,0.21,0.03,21,0,0,0,0,0,0,1
2015-09-06T13:44:01+03:00,11.68,14.16,0.15,0.03,21,0,0,0,0,0,0,1
2015-09-06T13:45:01+03:00,11.65,14.36,0.18,0.04,21,0,0,0,0,0,0,1
2015-09-06T13:46:02+03:00,11.65,14.41,0.21,0.04,21,0,0,0,0,0,0,1
2015-09-06T13:47:01+03:00,11.68,14.36,0.23,0.04,22,0,0,0,0,0,0,1
2015-09-06T13:48:01+03:00,11.68,14.91,0.20,0.03,21,0,0,0,0,0,0,1
2015-09-06T13:49:02+03:00,11.65,14.21,0.21,0.04,22,0,0,0,0,0,0,1
2015-09-06T13:50:01+03:00,11.63,14.31,0.23,0.01,22,0,0,0,0,0,0,1
2015-09-06T13:51:01+03:00,11.65,14.16,0.26,0.03,21,0,0,0,0,0,0,1
2015-09-06T13:52:02+03:00,11.68,15.36,0.20,0.02,22,0,0,0,0,0,0,1
2015-09-06T13:53:01+03:00,11.65,15.36,0.23,0.03,22,0,0,0,0,0,0,1
2015-09-06T13:54:01+03:00,11.63,15.51,0.25,0.01,22,0,0,0,0,0,0,1
2015-09-06T13:55:01+03:00,11.68,13.96,0.25,0.04,22,0,0,0,0,0,0,1
2015-09-06T13:56:01+03:00,11.68,13.36,0.30,0.03,22,0,0,0,0,0,0,1
2015-09-06T13:57:01+03:00,11.68,13.31,0.23,0.04,22,0,0,0,0,0,0,1
2015-09-06T13:58:01+03:00,11.65,15.61,0.25,0.03,22,0,0,0,0,0,0,1
2015-09-06T13:59:01+03:00,11.65,16.01,0.25,0.01,22,0,0,0,0,0,0,1
2015-09-06T14:00:01+03:00,11.63,14.56,0.21,0.03,22,0,0,0,0,0,0,1
2015-09-06T14:01:02+03:00,11.65,14.31,0.22,0.03,22,0,0,0,0,0,0,1
2015-09-06T14:02:01+03:00,11.63,14.51,0.24,0.05,22,0,0,0,0,0,0,1
2015-09-06T14:03:01+03:00,11.63,15.81,0.21,0.03,22,0,0,0,0,0,0,1
2015-09-06T14:04:01+03:00,11.63,16.51,0.27,0.04,22,0,0,0,0,0,0,1
2015-09-06T14:05:02+03:00,11.68,16.31,0.23,0.03,22,0,0,0,0,0,0,1
2015-09-06T14:06:01+03:00,11.61,15.66,0.37,0.00,22,0,0,0,0,0,0,1
2015-09-06T14:07:01+03:00,11.68,15.56,0.34,0.04,22,0,0,0,0,0,0,1
2015-09-06T14:08:02+03:00,11.68,17.11,0.24,0.03,22,0,0,0,0,0,0,1
2015-09-06T14:09:01+03:00,11.70,16.71,0.28,0.04,22,0,0,0,0,0,0,1
2015-09-06T14:10:01+03:00,11.68,16.56,0.25,0.04,22,0,0,0,0,0,0,1
2015-09-06T14:11:01+03:00,11.63,15.96,0.17,0.02,22,0,0,0,0,0,0,1
2015-09-06T14:12:01+03:00,11.68,15.66,0.20,0.04,22,0,0,0,0,0,0,1
2015-09-06T14:13:02+03:00,11.63,14.91,0.19,0.04,22,0,0,0,0,0,0,1
2015-09-06T14:14:01+03:00,11.63,14.61,0.17,0.03,22,0,0,0,0,0,0,1
2015-09-06T14:15:02+03:00,11.65,15.01,0.15,0.03,22,0,0,0,0,0,0,1
2015-09-06T14:16:01+03:00,11.63,15.06,0.20,0.04,22,0,0,0,0,0,0,1
2015-09-06T14:17:01+03:00,11.65,15.11,0.15,0.04,22,0,0,0,0,0,0,1
2015-09-06T14:18:01+03:00,11.61,14.81,0.18,0.04,22,0,0,0,0,0,0,1
2015-09-06T14:19:01+03:00,11.68,15.11,0.20,0.04,22,0,0,0,0,0,0,1
2015-09-06T14:20:02+03:00,11.63,15.21,0.18,0.03,22,0,0,0,0,0,0,1
2015-09-06T14:21:01+03:00,11.63,14.76,0.21,0.03,22,0,0,0,0,0,0,1
2015-09-06T14:22:01+03:00,11.61,15.21,0.15,0.04,22,0,0,0,0,0,0,1
2015-09-06T14:23:02+03:00,11.63,14.31,0.13,0.05,22,0,0,0,0,0,0,1
2015-09-06T14:24:01+03:00,11.59,13.56,0.15,0.02,22,0,0,0,0,0,0,1
2015-09-06T14:25:01+03:00,11.63,12.61,0.21,0.01,22,0,0,0,0,0,0,1
2015-09-06T14:26:01+03:00,11.68,13.56,0.23,0.03,22,0,0,0,0,0,0,1
2015-09-06T14:27:01+03:00,11.63,13.41,0.23,0.02,22,0,0,0,0,0,0,1
2015-09-06T14:28:01+03:00,11.65,13.51,0.28,0.02,21,0,0,0,0,0,0,1
2015-09-06T14:29:02+03:00,11.65,13.61,0.29,0.04,21,0,0,0,0,0,0,1
2015-09-06T14:30:01+03:00,11.68,13.36,0.30,0.02,22,0,0,0,0,0,0,1
2015-09-06T14:31:01+03:00,11.63,14.56,0.20,0.03,22,0,0,0,0,0,0,1
2015-09-06T14:32:01+03:00,11.63,14.16,0.30,0.03,22,0,0,0,0,0,0,1
2015-09-06T14:33:02+03:00,11.63,13.51,0.21,0.03,22,0,0,0,0,0,0,1
2015-09-06T14:34:02+03:00,11.63,13.31,0.20,0.03,22,0,0,0,0,0,0,1
2015-09-06T14:35:01+03:00,11.63,13.66,0.17,0.02,22,0,0,0,0,0,0,1
2015-09-06T14:36:02+03:00,11.61,13.46,0.21,0.03,22,0,0,0,0,0,0,1
2015-09-06T14:37:01+03:00,11.65,13.81,0.26,0.03,22,0,0,0,0,0,0,1
2015-09-06T14:38:01+03:00,11.63,13.96,0.21,0.03,22,0,0,0,0,0,0,1
2015-09-06T14:39:01+03:00,11.61,14.16,0.18,0.01,22,0,0,0,0,0,0,1
2015-09-06T14:40:01+03:00,11.59,12.81,0.15,0.04,22,0,0,0,0,0,0,1
2015-09-06T14:41:01+03:00,11.59,12.91,0.12,0.02,22,0,0,0,0,0,0,1
2015-09-06T14:42:01+03:00,11.63,13.16,0.15,0.05,22,0,0,0,0,0,0,1
2015-09-06T14:43:01+03:00,11.63,13.96,0.19,0.02,22,0,0,0,0,0,0,1
2015-09-06T14:44:01+03:00,11.59,14.06,0.15,0.03,22,0,0,0,0,0,0,1
2015-09-06T14:45:01+03:00,11.65,14.01,0.17,0.03,22,0,0,0,0,0,0,1
2015-09-06T14:46:01+03:00,11.65,13.21,0.14,0.04,22,0,0,0,0,0,0,1
2015-09-06T14:47:01+03:00,11.61,13.76,0.10,0.03,22,0,0,0,0,0,0,1
2015-09-06T14:48:01+03:00,11.65,13.06,0.19,0.03,22,0,0,0,0,0,0,1
2015-09-06T14:49:01+03:00,11.61,12.66,0.18,0.02,22,0,0,0,0,0,0,1
2015-09-06T14:50:02+03:00,11.63,13.86,0.18,0.03,22,0,0,0,0,0,0,1
2015-09-06T14:51:01+03:00,11.63,14.06,0.16,0.03,22,0,0,0,0,0,0,1
2015-09-06T14:52:01+03:00,11.65,13.86,0.12,0.04,22,0,0,0,0,0,0,1
2015-09-06T14:53:01+03:00,11.65,13.46,0.16,0.03,22,0,0,0,0,0,0,1
2015-09-06T14:54:01+03:00,11.63,12.66,0.16,0.03,22,0,0,0,0,0,0,1
2015-09-06T14:55:01+03:00,11.59,13.91,0.15,0.04,22,0,0,0,0,0,0,1
2015-09-06T14:56:01+03:00,11.59,13.41,0.13,0.03,22,0,0,0,0,0,0,1
2015-09-06T14:57:01+03:00,11.61,13.31,0.10,0.03,22,0,0,0,0,0,0,1
2015-09-06T14:58:01+03:00,11.63,14.56,0.11,0.04,22,0,0,0,0,0,0,1
2015-09-06T14:59:01+03:00,11.61,14.06,0.09,0.04,22,0,0,0,0,0,0,1
2015-09-06T15:00:01+03:00,11.63,13.86,0.09,0.03,22,0,0,0,0,0,0,1
2015-09-06T15:01:01+03:00,11.61,13.86,0.12,0.04,22,0,0,0,0,0,0,1
2015-09-06T15:02:01+03:00,11.61,14.46,0.11,0.03,22,0,0,0,0,0,0,1
2015-09-06T15:03:01+03:00,11.57,14.91,0.16,0.01,22,0,0,0,0,0,0,1
2015-09-06T15:04:01+03:00,11.65,14.11,0.16,0.04,22,0,0,0,0,0,0,1
2015-09-06T15:05:02+03:00,11.63,14.76,0.11,0.04,22,0,0,0,0,0,0,1
2015-09-06T15:06:02+03:00,11.63,14.36,0.11,0.01,22,0,0,0,0,0,0,1
2015-09-06T15:07:01+03:00,11.59,13.51,0.16,0.02,22,0,0,0,0,0,0,1
2015-09-06T15:08:02+03:00,11.63,12.81,0.23,0.02,22,0,0,0,0,0,0,1
2015-09-06T15:09:01+03:00,11.63,15.26,0.30,0.01,22,0,0,0,0,0,0,1
2015-09-06T15:10:01+03:00,11.68,14.86,0.22,0.01,22,0,0,0,0,0,0,1
2015-09-06T15:11:01+03:00,11.63,14.11,0.21,0.04,22,0,0,0,0,0,0,1
2015-09-06T15:12:01+03:00,11.63,13.56,0.18,0.04,22,0,0,0,0,0,0,1
2015-09-06T15:13:01+03:00,11.59,13.41,0.18,0.01,22,0,0,0,0,0,0,1
2015-09-06T15:14:02+03:00,11.63,13.26,0.16,0.04,22,0,0,0,0,0,0,1
2015-09-06T15:15:01+03:00,11.61,14.26,0.18,0.03,22,0,0,0,0,0,0,1
2015-09-06T15:16:01+03:00,11.59,14.26,0.15,0.02,22,0,0,0,0,0,0,1
2015-09-06T15:17:01+03:00,11.63,13.41,0.20,0.04,22,0,0,0,0,0,0,1
2015-09-06T15:18:01+03:00,11.63,13.51,0.23,0.04,22,0,0,0,0,0,0,1
2015-09-06T15:19:01+03:00,11.65,13.16,0.26,0.04,22,0,0,0,0,0,0,1
2015-09-06T15:20:01+03:00,11.61,13.41,0.25,0.02,22,0,0,0,0,0,0,1
2015-09-06T15:21:02+03:00,11.65,14.71,0.28,0.04,22,0,0,0,0,0,0,1
2015-09-06T15:22:01+03:00,11.63,15.11,0.24,0.04,22,0,0,0,0,0,0,1
2015-09-06T15:23:02+03:00,11.59,14.66,0.18,0.03,22,0,0,0,0,0,0,1
2015-09-06T15:24:02+03:00,11.59,13.76,0.17,0.03,22,0,0,0,0,0,0,1
2015-09-06T15:25:01+03:00,11.59,14.66,0.18,0.03,22,0,0,0,0,0,0,1
2015-09-06T15:26:01+03:00,11.57,14.71,0.16,0.03,22,0,0,0,0,0,0,1
2015-09-06T15:27:01+03:00,11.57,13.51,0.11,0.01,22,0,0,0,0,0,0,1
2015-09-06T15:28:01+03:00,11.63,14.51,0.15,0.04,22,0,0,0,0,0,0,1
2015-09-06T15:29:01+03:00,11.54,14.16,0.16,0.03,22,0,0,0,0,0,0,1
2015-09-06T15:30:01+03:00,11.61,14.91,0.20,0.04,22,0,0,0,0,0,0,1
2015-09-06T15:31:01+03:00,11.59,14.81,0.16,0.04,22,0,0,0,0,0,0,1
2015-09-06T15:32:01+03:00,11.59,15.06,0.10,0.03,22,0,0,0,0,0,0,1
2015-09-06T15:33:02+03:00,11.59,13.81,0.08,0.03,22,0,0,0,0,0,0,1
2015-09-06T15:34:01+03:00,11.57,14.76,0.11,0.02,22,0,0,0,0,0,0,1
2015-09-06T15:35:01+03:00,11.61,13.06,0.12,0.03,22,0,0,0,0,0,0,1
2015-09-06T15:36:01+03:00,11.59,12.91,0.14,0.02,22,0,0,0,0,0,0,1
2015-09-06T15:37:01+03:00,11.63,13.11,0.14,0.04,22,0,0,0,0,0,0,1
2015-09-06T15:38:01+03:00,11.63,12.96,0.09,0.03,22,0,0,0,0,0,0,1
2015-09-06T15:39:02+03:00,11.59,12.91,0.11,0.03,22,0,0,0,0,0,0,1
2015-09-06T15:40:01+03:00,11.63,13.01,0.19,0.04,22,0,0,0,0,0,0,1
2015-09-06T15:41:01+03:00,11.61,13.31,0.14,0.04,22,0,0,0,0,0,0,1
2015-09-06T15:42:01+03:00,11.59,14.21,0.15,0.04,22,0,0,0,0,0,0,1
2015-09-06T15:43:01+03:00,11.59,14.26,0.15,0.01,22,0,0,0,0,0,0,1
2015-09-06T15:44:01+03:00,11.54,14.26,0.11,0.01,22,0,0,0,0,0,0,1
2015-09-06T15:45:01+03:00,11.59,13.91,0.12,0.04,22,0,0,0,0,0,0,1
2015-09-06T15:46:02+03:00,11.61,13.91,0.10,0.03,22,0,0,0,0,0,0,1
2015-09-06T15:47:01+03:00,11.61,13.56,0.09,0.03,22,0,0,0,0,0,0,1
2015-09-06T15:48:01+03:00,11.57,13.71,0.08,0.03,22,0,0,0,0,0,0,1
2015-09-06T15:49:01+03:00,11.61,13.71,0.10,0.04,22,0,0,0,0,0,0,1
2015-09-06T15:50:01+03:00,11.59,13.61,0.09,0.04,22,0,0,0,0,0,0,1
2015-09-06T15:51:01+03:00,11.54,13.66,0.13,0.03,22,0,0,0,0,0,0,1
2015-09-06T15:52:01+03:00,11.59,13.96,0.15,0.03,22,0,0,0,0,0,0,1
2015-09-06T15:53:02+03:00,11.57,13.86,0.17,0.03,22,0,0,0,0,0,0,1
2015-09-06T15:54:01+03:00,11.59,14.46,0.15,0.03,22,0,0,0,0,0,0,1
2015-09-06T15:55:01+03:00,11.59,14.76,0.12,0.04,22,0,0,0,0,0,0,1
2015-09-06T15:56:01+03:00,11.54,13.21,0.12,0.05,22,0,0,0,0,0,0,1
2015-09-06T15:57:01+03:00,11.57,18.16,0.02,0.04,22,0,0,0,0,0,0,1
2015-09-06T15:58:02+03:00,11.57,18.06,0.02,0.01,22,0,0,0,0,0,0,1
2015-09-06T15:59:01+03:00,11.57,12.66,0.11,0.03,22,0,0,0,0,0,0,1
2015-09-06T16:00:01+03:00,11.57,17.86,0.00,0.02,22,0,0,0,0,0,0,1
2015-09-06T16:01:01+03:00,11.57,14.21,0.09,0.01,21,0,0,0,0,0,0,1
2015-09-06T16:02:02+03:00,11.54,13.56,0.10,0.02,22,0,0,0,0,0,0,1
2015-09-06T16:03:01+03:00,11.59,15.76,0.09,0.03,22,0,0,0,0,0,0,1
2015-09-06T16:04:01+03:00,11.54,14.46,0.09,0.04,22,0,0,0,0,0,0,1
2015-09-06T16:05:01+03:00,11.59,13.16,0.10,0.04,22,0,0,0,0,0,0,1
2015-09-06T16:06:02+03:00,11.59,13.36,0.10,0.03,22,0,0,0,0,0,0,1
2015-09-06T16:07:01+03:00,11.54,13.01,0.08,0.03,22,0,0,0,0,0,0,1
2015-09-06T16:08:01+03:00,11.57,13.01,0.11,0.02,22,0,0,0,0,0,0,1
2015-09-06T16:09:01+03:00,11.57,13.61,0.11,0.03,22,0,0,0,0,0,0,1
2015-09-06T16:10:01+03:00,11.59,12.86,0.09,0.04,22,0,0,0,0,0,0,1
2015-09-06T16:11:02+03:00,11.61,13.76,0.11,0.04,22,0,0,0,0,0,0,1
2015-09-06T16:12:01+03:00,11.57,12.81,0.09,0.03,22,0,0,0,0,0,0,1
2015-09-06T16:13:01+03:00,11.57,13.91,0.11,0.03,22,0,0,0,0,0,0,1
2015-09-06T16:14:01+03:00,11.57,12.91,0.06,0.04,22,0,0,0,0,0,0,1
2015-09-06T16:15:02+03:00,11.57,13.16,0.08,0.04,22,0,0,0,0,0,0,1
2015-09-06T16:16:01+03:00,11.52,13.01,0.05,0.03,22,0,0,0,0,0,0,1
2015-09-06T16:17:01+03:00,11.57,13.56,0.07,0.04,22,0,0,0,0,0,0,1
2015-09-06T16:18:01+03:00,11.54,13.81,0.10,0.03,22,0,0,0,0,0,0,1
2015-09-06T16:19:02+03:00,11.57,14.51,0.06,0.04,22,0,0,0,0,0,0,1
2015-09-06T16:20:01+03:00,11.57,13.36,0.08,0.03,22,0,0,0,0,0,0,1
2015-09-06T16:21:01+03:00,11.52,12.71,0.07,0.03,22,0,0,0,0,0,0,1
2015-09-06T16:22:01+03:00,11.59,12.91,0.06,0.03,22,0,0,0,0,0,0,1
2015-09-06T16:23:01+03:00,11.59,13.26,0.07,0.03,22,0,0,0,0,0,0,1
2015-09-06T16:24:01+03:00,11.57,13.06,0.06,0.02,22,0,0,0,0,0,0,1
2015-09-06T16:25:01+03:00,11.59,12.86,0.08,0.04,22,0,0,0,0,0,0,1
2015-09-06T16:26:01+03:00,11.54,13.16,0.08,0.04,22,0,0,0,0,0,0,1
2015-09-06T16:27:01+03:00,11.54,13.71,0.06,0.04,22,0,0,0,0,0,0,1
2015-09-06T16:28:01+03:00,11.54,13.61,0.06,0.04,22,0,0,0,0,0,0,1
2015-09-06T16:29:01+03:00,11.54,13.21,0.05,0.02,22,0,0,0,0,0,0,1
2015-09-06T16:30:01+03:00,11.57,13.41,0.05,0.03,22,0,0,0,0,0,0,1
2015-09-06T16:31:01+03:00,11.52,12.96,0.05,0.03,22,0,0,0,0,0,0,1
2015-09-06T16:32:01+03:00,11.54,13.01,0.08,0.03,22,0,0,0,0,0,0,1
2015-09-06T16:33:01+03:00,11.54,13.71,0.06,0.04,22,0,0,0,0,0,0,1
2015-09-06T16:34:02+03:00,11.54,13.66,0.09,0.03,22,0,0,0,0,0,0,1
2015-09-06T16:35:02+03:00,11.52,13.36,0.09,0.03,22,0,0,0,0,0,0,1
2015-09-06T16:36:02+03:00,11.54,13.56,0.09,0.04,22,0,0,0,0,0,0,1
2015-09-06T16:37:01+03:00,11.54,13.46,0.10,0.03,22,0,0,0,0,0,0,1
2015-09-06T16:38:01+03:00,11.54,13.41,0.11,0.04,22,0,0,0,0,0,0,1
2015-09-06T16:39:01+03:00,11.54,13.71,0.21,0.03,22,0,0,0,0,0,0,1
2015-09-06T16:40:02+03:00,11.57,13.66,0.11,0.02,22,0,0,0,0,0,0,1
2015-09-06T16:41:02+03:00,11.54,13.31,0.10,0.03,22,0,0,0,0,0,0,1
2015-09-06T16:42:01+03:00,11.54,13.46,0.11,0.03,22,0,0,0,0,0,0,1
2015-09-06T16:43:01+03:00,11.57,13.61,0.11,0.04,22,0,0,0,0,0,0,1
2015-09-06T16:44:01+03:00,11.54,14.61,0.11,0.04,22,0,0,0,0,0,0,1
2015-09-06T16:45:02+03:00,11.54,13.66,0.07,0.04,22,0,0,0,0,0,0,1
2015-09-06T16:46:01+03:00,11.57,13.46,0.06,0.03,22,0,0,0,0,0,0,1
2015-09-06T16:47:01+03:00,11.54,13.71,0.03,0.03,22,0,0,0,0,0,0,1
2015-09-06T16:48:01+03:00,11.52,14.06,0.05,0.03,22,0,0,0,0,0,0,1
2015-09-06T16:49:01+03:00,11.54,13.86,0.05,0.04,22,0,0,0,0,0,0,1
2015-09-06T16:50:01+03:00,11.52,14.41,0.06,0.04,22,0,0,0,0,0,0,1
2015-09-06T16:51:02+03:00,11.54,13.11,0.08,0.03,22,0,0,0,0,0,0,1
2015-09-06T16:52:01+03:00,11.54,13.01,0.08,0.02,22,0,0,0,0,0,0,1
2015-09-06T16:53:01+03:00,11.54,13.06,0.06,0.03,22,0,0,0,0,0,0,1
2015-09-06T16:54:01+03:00,11.52,14.01,0.08,0.03,22,0,0,0,0,0,0,1
2015-09-06T16:55:01+03:00,11.54,14.41,0.03,0.03,22,0,0,0,0,0,0,1
2015-09-06T16:56:01+03:00,11.52,12.96,0.04,0.03,22,0,0,0,0,0,0,1
2015-09-06T16:57:01+03:00,11.54,12.96,0.08,0.03,22,0,0,0,0,0,0,1
2015-09-06T16:58:02+03:00,11.52,13.06,0.05,0.02,22,0,0,0,0,0,0,1
2015-09-06T16:59:01+03:00,11.52,14.01,0.05,0.03,22,0,0,0,0,0,0,1
2015-09-06T17:00:01+03:00,11.54,13.21,0.08,0.03,22,0,0,0,0,0,0,1
2015-09-06T17:01:01+03:00,11.50,13.76,0.09,0.02,22,0,0,0,0,0,0,1
2015-09-06T17:02:01+03:00,11.52,13.86,0.08,0.02,22,0,0,0,0,0,0,1
2015-09-06T17:03:01+03:00,11.52,15.11,0.03,0.03,22,0,0,0,0,0,0,1
2015-09-06T17:04:02+03:00,11.52,14.01,0.06,0.05,22,0,0,0,0,0,0,1
2015-09-06T17:05:01+03:00,11.52,13.01,0.06,0.04,22,0,0,0,0,0,0,1
2015-09-06T17:06:01+03:00,11.52,13.31,0.06,0.03,22,0,0,0,0,0,0,1
2015-09-06T17:07:01+03:00,11.54,13.01,0.08,0.04,22,0,0,0,0,0,0,1
2015-09-06T17:08:01+03:00,11.52,12.86,0.06,0.01,22,0,0,0,0,0,0,1
2015-09-06T17:09:01+03:00,11.54,13.11,0.09,0.03,22,0,0,0,0,0,0,1
2015-09-06T17:10:01+03:00,11.52,12.66,0.06,0.03,22,0,0,0,0,0,0,1
2015-09-06T17:11:01+03:00,11.50,13.11,0.07,0.04,22,0,0,0,0,0,0,1
2015-09-06T17:12:01+03:00,11.48,12.86,0.05,0.01,22,0,0,0,0,0,0,1
2015-09-06T17:13:02+03:00,11.52,12.66,0.06,0.01,22,0,0,0,0,0,0,1
2015-09-06T17:14:01+03:00,11.50,12.71,0.02,0.01,22,0,0,0,0,0,0,1
2015-09-06T17:15:01+03:00,11.50,16.26,0.00,0.01,22,0,0,0,0,0,0,1
2015-09-06T17:16:02+03:00,11.50,13.41,0.05,0.04,22,0,0,0,0,0,0,1
2015-09-06T17:17:02+03:00,11.50,12.86,0.03,0.03,22,0,0,0,0,0,0,1
2015-09-06T17:18:02+03:00,11.48,13.16,0.01,0.03,22,0,0,0,0,0,0,1
2015-09-06T17:19:01+03:00,11.52,14.06,0.04,0.04,22,0,0,0,0,0,0,1
2015-09-06T17:20:01+03:00,11.52,14.41,0.03,0.03,22,0,0,0,0,0,0,1
2015-09-06T17:21:01+03:00,11.48,13.36,0.06,0.03,22,0,0,0,0,0,0,1
2015-09-06T17:22:01+03:00,11.50,14.36,0.04,0.03,22,0,0,0,0,0,0,1
2015-09-06T17:23:02+03:00,11.50,14.76,0.04,0.02,22,0,0,0,0,0,0,1
2015-09-06T17:24:01+03:00,11.50,13.36,0.07,0.05,22,0,0,0,0,0,0,1
2015-09-06T17:25:01+03:00,11.50,13.96,0.07,0.05,22,0,0,0,0,0,0,1
2015-09-06T17:26:01+03:00,11.50,14.11,0.03,0.04,22,0,0,0,0,0,0,1
2015-09-06T17:27:01+03:00,11.50,14.26,0.03,0.04,22,0,0,0,0,0,0,1
2015-09-06T17:28:01+03:00,11.52,13.71,0.07,0.03,22,0,0,0,0,0,0,1
2015-09-06T17:29:02+03:00,11.54,12.96,0.08,0.02,22,0,0,0,0,0,0,1
2015-09-06T17:30:01+03:00,11.57,13.01,0.10,0.04,22,0,0,0,0,0,0,1
2015-09-06T17:31:01+03:00,11.50,12.71,0.10,0.03,22,0,0,0,0,0,0,1
2015-09-06T17:32:01+03:00,11.50,12.76,0.08,0.03,22,0,0,0,0,0,0,1
2015-09-06T17:33:02+03:00,11.50,12.81,0.09,0.03,22,0,0,0,0,0,0,1
2015-09-06T17:34:01+03:00,11.50,13.46,0.10,0.03,22,0,0,0,0,0,0,1
2015-09-06T17:35:01+03:00,11.52,12.71,0.09,0.03,22,0,0,0,0,0,0,1
2015-09-06T17:36:01+03:00,11.52,12.76,0.09,0.03,22,0,0,0,0,0,0,1
2015-09-06T17:37:01+03:00,11.50,17.26,0.00,0.04,22,0,0,0,0,0,0,1
2015-09-06T17:38:01+03:00,11.50,13.06,0.08,0.03,22,0,0,0,0,0,0,1
2015-09-06T17:39:01+03:00,11.46,12.71,0.06,0.02,22,0,0,0,0,0,0,1
2015-09-06T17:40:01+03:00,11.52,12.96,0.08,0.02,21,0,0,0,0,0,0,1
2015-09-06T17:41:01+03:00,11.50,12.96,0.08,0.03,22,0,0,0,0,0,0,1
2015-09-06T17:42:02+03:00,11.48,12.66,0.08,0.04,22,0,0,0,0,0,0,1
2015-09-06T17:43:01+03:00,11.50,13.06,0.08,0.04,22,0,0,0,0,0,0,1
2015-09-06T17:44:01+03:00,11.46,12.96,0.06,0.02,22,0,0,0,0,0,0,1
2015-09-06T17:45:01+03:00,11.50,12.76,0.09,0.05,22,0,0,0,0,0,0,1
2015-09-06T17:46:02+03:00,11.52,13.86,0.12,0.04,22,0,0,0,0,0,0,1
2015-09-06T17:47:02+03:00,11.50,14.46,0.09,0.04,22,0,0,0,0,0,0,1
2015-09-06T17:48:01+03:00,11.50,14.91,0.10,0.03,22,0,0,0,0,0,0,1
2015-09-06T17:49:01+03:00,11.52,14.11,0.11,0.04,22,0,0,0,0,0,0,1
2015-09-06T17:50:01+03:00,11.50,12.96,0.11,0.03,22,0,0,0,0,0,0,1
2015-09-06T17:51:02+03:00,11.50,13.36,0.13,0.03,22,0,0,0,0,0,0,1
2015-09-06T17:52:01+03:00,11.50,18.01,0.00,0.03,22,0,0,0,0,0,0,1
2015-09-06T17:53:01+03:00,11.46,17.86,0.00,0.03,22,0,0,0,0,0,0,1
2015-09-06T17:54:01+03:00,11.48,17.86,0.00,0.03,21,0,0,0,0,0,0,1
2015-09-06T17:55:01+03:00,11.48,17.76,0.00,0.03,21,0,0,0,0,0,0,1
2015-09-06T17:56:02+03:00,11.50,13.91,0.08,0.03,21,0,0,0,0,0,0,1
2015-09-06T17:57:01+03:00,11.50,14.51,0.11,0.05,21,0,0,0,0,0,0,1
2015-09-06T17:58:01+03:00,11.50,14.26,0.10,0.04,21,0,0,0,0,0,0,1
2015-09-06T17:59:01+03:00,11.48,13.96,0.09,0.04,22,0,0,0,0,0,0,1
2015-09-06T18:00:01+03:00,11.48,14.71,0.09,0.04,22,0,0,0,0,0,0,1
2015-09-06T18:01:01+03:00,11.50,14.01,0.09,0.04,22,0,0,0,0,0,0,1
2015-09-06T18:02:01+03:00,11.48,13.11,0.09,0.04,22,0,0,0,0,0,0,1
2015-09-06T18:03:01+03:00,11.48,13.21,0.08,0.00,22,0,0,0,0,0,0,1
2015-09-06T18:04:01+03:00,11.48,14.36,0.06,0.02,22,0,0,0,0,0,0,1
2015-09-06T18:05:01+03:00,11.48,13.06,0.08,0.04,22,0,0,0,0,0,0,1
2015-09-06T18:06:01+03:00,11.50,13.36,0.08,0.05,22,0,0,0,0,0,0,1
2015-09-06T18:07:01+03:00,11.50,13.06,0.06,0.04,22,0,0,0,0,0,0,1
2015-09-06T18:08:01+03:00,11.46,16.91,0.11,0.00,22,0,0,0,0,0,0,1
2015-09-06T18:09:01+03:00,11.48,16.76,0.00,0.03,22,0,0,0,0,0,0,1
2015-09-06T18:10:01+03:00,11.50,13.61,0.05,0.04,22,0,0,0,0,0,0,1
2015-09-06T18:11:01+03:00,11.46,14.51,0.03,0.03,22,0,0,0,0,0,0,1
2015-09-06T18:12:02+03:00,11.46,14.26,0.04,0.04,22,0,0,0,0,0,0,1
2015-09-06T18:13:01+03:00,11.46,13.61,0.03,0.01,22,0,0,0,0,0,0,1
2015-09-06T18:14:02+03:00,11.48,13.76,0.06,0.03,22,0,0,0,0,0,0,1
2015-09-06T18:15:01+03:00,11.46,13.36,0.05,0.04,22,0,0,0,0,0,0,1
2015-09-06T18:16:01+03:00,11.48,13.11,0.06,0.03,22,0,0,0,0,0,0,1
2015-09-06T18:17:01+03:00,11.48,13.06,0.05,0.03,22,0,0,0,0,0,0,1
2015-09-06T18:18:01+03:00,11.46,13.21,0.07,0.03,22,0,0,0,0,0,0,1
2015-09-06T18:19:01+03:00,11.50,16.21,0.05,0.03,22,0,0,0,0,0,0,1
2015-09-06T18:20:01+03:00,11.48,13.46,0.08,0.04,22,0,0,0,0,0,0,1
2015-09-06T18:21:02+03:00,11.48,12.96,0.04,0.03,22,0,0,0,0,0,0,1
2015-09-06T18:22:01+03:00,11.50,13.36,0.06,0.04,22,0,0,0,0,0,0,1
2015-09-06T18:23:01+03:00,11.46,13.51,0.05,0.03,22,0,0,0,0,0,0,1
2015-09-06T18:24:01+03:00,11.50,13.21,0.05,0.04,22,0,0,0,0,0,0,1
2015-09-06T18:25:02+03:00,11.46,13.06,0.04,0.03,22,0,0,0,0,0,0,1
2015-09-06T18:26:01+03:00,11.46,12.91,0.05,0.03,22,0,0,0,0,0,0,1
2015-09-06T18:27:01+03:00,11.46,16.66,0.00,0.02,22,0,0,0,0,0,0,1
2015-09-06T18:28:01+03:00,11.46,14.01,0.03,0.03,22,0,0,0,0,0,0,1
2015-09-06T18:29:01+03:00,11.48,13.06,0.05,0.03,22,0,0,0,0,0,0,1
2015-09-06T18:30:01+03:00,11.48,13.96,0.05,0.03,22,0,0,0,0,0,0,1
2015-09-06T18:31:01+03:00,11.46,13.56,0.04,0.05,22,0,0,0,0,0,0,1
2015-09-06T18:32:01+03:00,11.48,14.81,0.03,0.03,22,0,0,0,0,0,0,1
2015-09-06T18:33:01+03:00,11.46,13.16,0.04,0.02,22,0,0,0,0,0,0,1
2015-09-06T18:34:02+03:00,11.48,14.61,0.05,0.03,22,0,0,0,0,0,0,1
2015-09-06T18:35:01+03:00,11.46,14.01,0.03,0.03,22,0,0,0,0,0,0,1
2015-09-06T18:36:01+03:00,11.46,13.46,0.03,0.03,22,0,0,0,0,0,0,1
2015-09-06T18:37:01+03:00,11.46,12.81,0.05,0.04,22,0,0,0,0,0,0,1
2015-09-06T18:38:01+03:00,11.46,13.66,0.03,0.03,22,0,0,0,0,0,0,1
2015-09-06T18:39:02+03:00,11.46,13.56,0.05,0.03,22,0,0,0,0,0,0,1
2015-09-06T18:40:01+03:00,11.46,12.86,0.02,0.03,22,0,0,0,0,0,0,1
2015-09-06T18:41:01+03:00,11.46,12.96,0.01,0.02,22,0,0,0,0,0,0,1
2015-09-06T18:42:01+03:00,11.46,12.76,0.05,0.03,22,0,0,0,0,0,0,1
2015-09-06T18:43:02+03:00,11.46,13.11,0.05,0.03,22,0,0,0,0,0,0,1
2015-09-06T18:44:01+03:00,11.46,13.31,0.03,0.05,22,0,0,0,0,0,0,1
2015-09-06T18:45:02+03:00,11.48,13.46,0.01,0.03,22,0,0,0,0,0,0,1
2015-09-06T18:46:01+03:00,11.46,14.76,0.02,0.04,22,0,0,0,0,0,0,1
2015-09-06T18:47:01+03:00,11.43,14.56,0.01,0.03,22,0,0,0,0,0,0,1
2015-09-06T18:48:01+03:00,11.46,13.51,0.03,0.03,22,0,0,0,0,0,0,1
2015-09-06T18:49:01+03:00,11.46,12.96,0.02,0.04,22,0,0,0,0,0,0,1
2015-09-06T18:50:02+03:00,11.43,13.66,0.02,0.03,22,0,0,0,0,0,0,1
2015-09-06T18:51:02+03:00,11.43,14.21,0.01,0.02,22,0,0,0,0,0,0,1
2015-09-06T18:52:02+03:00,11.46,13.26,0.00,0.03,22,0,0,0,0,0,0,1
2015-09-06T18:53:01+03:00,11.43,14.71,0.01,0.03,22,0,0,0,0,0,0,1
2015-09-06T18:54:01+03:00,11.43,15.41,0.00,0.04,22,0,0,0,0,0,0,1
2015-09-06T18:55:02+03:00,11.46,15.41,0.00,0.04,22,0,0,0,0,0,0,1
2015-09-06T18:56:01+03:00,11.43,15.26,0.00,0.01,22,0,0,0,0,0,0,1
2015-09-06T18:57:02+03:00,11.46,15.21,0.01,0.03,22,0,0,0,0,0,0,1
2015-09-06T18:58:01+03:00,11.43,15.06,0.00,0.03,22,0,0,0,0,0,0,1
2015-09-06T18:59:01+03:00,11.41,15.11,0.00,0.02,22,0,0,0,0,0,0,1
2015-09-06T19:00:02+03:00,11.41,15.06,0.00,0.03,22,0,0,0,0,0,0,1
2015-09-06T19:01:01+03:00,11.43,14.81,0.00,0.03,22,0,0,0,0,0,0,1
2015-09-06T19:02:01+03:00,11.43,14.61,0.00,0.03,22,0,0,0,0,0,0,1
2015-09-06T19:03:01+03:00,11.43,14.61,0.00,0.02,22,0,0,0,0,0,0,1
2015-09-06T19:04:01+03:00,11.43,14.66,0.01,0.03,22,0,0,0,0,0,0,1
2015-09-06T19:05:01+03:00,11.46,14.71,0.00,0.03,22,0,0,0,0,0,0,1
2015-09-06T19:06:01+03:00,11.41,14.61,0.00,0.02,22,0,0,0,0,0,0,1
2015-09-06T19:07:01+03:00,11.41,14.71,0.00,0.03,22,0,0,0,0,0,0,1
2015-09-06T19:08:01+03:00,11.43,14.86,0.00,0.03,22,0,0,0,0,0,0,1
2015-09-06T19:09:01+03:00,11.39,14.71,0.00,0.04,22,0,0,0,0,0,0,1
2015-09-06T19:10:01+03:00,11.41,14.61,0.00,0.03,22,0,0,0,0,0,0,1
2015-09-06T19:11:01+03:00,11.41,14.21,0.00,0.01,22,0,0,0,0,0,0,1
2015-09-06T19:12:01+03:00,11.41,14.01,0.00,0.01,22,0,0,0,0,0,0,1
2015-09-06T19:13:02+03:00,11.41,13.81,0.00,0.05,22,0,0,0,0,0,0,1
2015-09-06T19:14:02+03:00,11.41,13.66,0.00,0.04,22,0,0,0,0,0,0,1
2015-09-06T19:15:02+03:00,11.43,13.71,0.00,0.03,22,0,0,0,0,0,0,1
2015-09-06T19:16:01+03:00,11.41,13.61,0.01,0.03,22,0,0,0,0,0,0,1
2015-09-06T19:17:01+03:00,11.43,13.61,0.00,0.04,22,0,0,0,0,0,0,1
2015-09-06T19:18:02+03:00,11.41,13.66,0.00,0.03,22,0,0,0,0,0,0,1
2015-09-06T19:19:02+03:00,11.43,13.56,0.00,0.02,22,0,0,0,0,0,0,1
2015-09-06T19:20:01+03:00,11.46,13.36,0.00,0.02,22,0,0,0,0,0,0,1
2015-09-06T19:21:01+03:00,11.43,13.36,0.00,0.04,22,0,0,0,0,0,0,1
2015-09-06T19:22:01+03:00,11.41,13.31,0.00,0.03,22,0,0,0,0,0,0,1
2015-09-06T19:23:01+03:00,11.46,13.56,0.00,0.03,22,0,0,0,0,0,0,1
2015-09-06T19:24:01+03:00,11.41,13.61,0.00,0.04,22,0,0,0,0,0,0,1
2015-09-06T19:25:01+03:00,11.41,13.66,0.00,0.03,22,0,0,0,0,0,0,1
2015-09-06T19:26:01+03:00,11.41,13.61,0.00,0.03,22,0,0,0,0,0,0,1
2015-09-06T19:27:01+03:00,11.39,13.66,0.00,0.04,22,0,0,0,0,0,0,1
2015-09-06T19:28:01+03:00,11.43,13.96,0.00,0.04,22,0,0,0,0,0,0,1
2015-09-06T19:29:02+03:00,11.43,13.96,0.00,0.03,22,0,0,0,0,0,0,1
2015-09-06T19:30:01+03:00,11.43,13.96,0.00,0.04,22,0,0,0,0,0,0,1
2015-09-06T19:31:01+03:00,11.43,13.91,0.00,0.02,22,0,0,0,0,0,0,1
2015-09-06T19:32:01+03:00,11.41,13.91,0.00,0.03,22,0,0,0,0,0,0,1
2015-09-06T19:33:02+03:00,11.39,13.81,0.00,0.02,22,0,0,0,0,0,0,1
2015-09-06T19:34:02+03:00,11.41,13.91,0.00,0.04,22,0,0,0,0,0,0,1
2015-09-06T19:35:02+03:00,11.41,13.66,0.00,0.03,22,0,0,0,0,0,0,1
2015-09-06T19:36:02+03:00,11.39,13.66,0.00,0.04,22,0,0,0,0,0,0,1
2015-09-06T19:37:02+03:00,11.43,13.51,0.00,0.03,22,0,0,0,0,0,0,1
2015-09-06T19:38:01+03:00,11.41,13.36,0.00,0.03,22,0,0,0,0,0,0,1
2015-09-06T19:39:01+03:00,11.43,13.36,0.00,0.03,22,0,0,0,0,0,0,1
2015-09-06T19:40:01+03:00,11.41,13.26,0.01,0.01,22,0,0,0,0,0,0,1
2015-09-06T19:41:01+03:00,11.41,13.26,0.00,0.03,22,0,0,0,0,0,0,1
2015-09-06T19:42:02+03:00,11.41,13.16,0.00,0.02,22,0,0,0,0,0,0,1
2015-09-06T19:43:01+03:00,11.43,13.06,0.00,0.02,22,0,0,0,0,0,0,1
2015-09-06T19:44:01+03:00,11.39,12.96,0.00,0.02,22,0,0,0,0,0,0,1
2015-09-06T19:45:01+03:00,11.41,13.01,0.00,0.03,22,0,0,0,0,0,0,1
2015-09-06T19:46:01+03:00,11.39,13.06,0.00,0.03,22,0,0,0,0,0,0,1
2015-09-06T19:47:01+03:00,11.39,12.96,0.01,0.03,22,0,0,0,0,0,0,1
2015-09-06T19:48:01+03:00,11.39,12.81,0.00,0.03,22,0,0,0,0,0,0,1
2015-09-06T19:49:01+03:00,11.41,12.51,0.00,0.04,22,0,0,0,0,0,0,1
2015-09-06T19:50:01+03:00,11.41,12.15,0.00,0.04,22,0,0,0,0,0,0,1
2015-09-06T19:51:02+03:00,11.41,11.70,0.00,0.03,22,0,0,0,0,0,0,1
2015-09-06T19:52:02+03:00,11.41,11.40,0.00,0.02,22,0,0,0,0,0,0,0
2015-09-06T19:53:01+03:00,11.41,11.05,0.00,0.04,21,0,0,0,0,0,0,0
2015-09-06T19:54:01+03:00,11.41,10.75,0.00,0.03,21,0,0,0,0,0,0,0
2015-09-06T19:55:02+03:00,11.41,10.45,0.00,0.03,21,0,0,0,0,0,0,0
2015-09-06T19:56:02+03:00,11.39,10.00,0.00,0.02,21,0,0,0,0,0,0,0
2015-09-06T19:57:02+03:00,11.41,9.70,0.00,0.03,21,0,0,0,0,0,0,0
2015-09-06T19:58:01+03:00,11.39,9.35,0.00,0.01,20,0,0,0,0,0,0,0
2015-09-06T19:59:01+03:00,11.41,9.10,0.00,0.04,20,0,0,0,0,0,0,0
2015-09-06T20:00:02+03:00,11.41,8.85,0.00,0.02,20,0,0,0,0,0,0,0
2015-09-06T20:01:02+03:00,11.39,8.60,0.00,0.04,20,0,0,0,0,0,0,0
2015-09-06T20:02:01+03:00,11.39,8.35,0.00,0.03,20,0,0,0,0,0,0,0
2015-09-06T20:03:01+03:00,11.39,8.15,0.00,0.04,20,0,0,0,0,0,0,0
2015-09-06T20:04:01+03:00,11.41,7.95,0.00,0.02,20,0,0,0,0,0,0,0
2015-09-06T20:05:02+03:00,11.41,7.65,0.00,0.03,20,0,0,0,0,0,0,0
2015-09-06T20:06:01+03:00,11.39,7.20,0.00,0.04,20,0,0,0,0,0,0,0
2015-09-06T20:07:01+03:00,11.41,6.85,0.00,0.02,20,0,0,0,0,0,0,0
2015-09-06T20:08:01+03:00,11.41,6.40,0.00,0.04,20,0,0,0,0,0,0,0
2015-09-06T20:09:01+03:00,11.41,5.95,0.00,0.04,20,0,0,0,0,0,0,0
2015-09-06T20:10:01+03:00,11.41,5.50,0.00,0.04,20,0,0,0,0,0,0,0
2015-09-06T20:11:01+03:00,11.39,5.10,0.00,0.03,20,0,0,0,0,0,0,0
2015-09-06T20:12:01+03:00,11.41,4.90,0.00,0.03,20,0,0,0,0,0,0,0
2015-09-06T20:13:01+03:00,11.39,4.60,0.00,0.03,20,0,0,0,0,0,0,0
2015-09-06T20:14:01+03:00,11.41,4.45,0.00,0.03,20,0,0,0,0,0,0,0
2015-09-06T20:15:02+03:00,11.39,4.25,0.00,0.04,20,0,0,0,0,0,0,0
2015-09-06T20:16:01+03:00,11.39,4.05,0.00,0.03,20,0,0,0,0,0,0,0
2015-09-06T20:17:01+03:00,11.41,4.00,0.00,0.03,20,0,0,0,0,0,0,0
2015-09-06T20:18:01+03:00,11.39,3.80,0.00,0.03,20,0,0,0,0,0,0,0
2015-09-06T20:19:01+03:00,11.39,3.55,0.00,0.04,20,0,0,0,0,0,0,0
2015-09-06T20:20:01+03:00,11.39,3.30,0.00,0.04,20,0,0,0,0,0,0,0
2015-09-06T20:21:01+03:00,11.39,3.15,0.00,0.04,20,0,0,0,0,0,0,0
2015-09-06T20:22:01+03:00,11.39,3.05,0.00,0.04,20,0,0,0,0,0,0,0
2015-09-06T20:23:01+03:00,11.39,2.95,0.00,0.04,20,0,0,0,0,0,0,0
2015-09-06T20:24:01+03:00,11.39,2.70,0.00,0.03,20,0,0,0,0,0,0,0
2015-09-06T20:25:02+03:00,11.39,2.45,0.00,0.01,20,0,0,0,0,0,0,0
2015-09-06T20:26:01+03:00,11.41,2.30,0.00,0.02,20,0,0,0,0,0,0,0
2015-09-06T20:27:01+03:00,11.39,2.20,0.00,0.01,20,0,0,0,0,0,0,0
2015-09-06T20:28:02+03:00,11.37,2.00,0.00,0.03,20,0,0,0,0,0,0,0
2015-09-06T20:29:01+03:00,11.37,1.90,0.00,0.01,20,0,0,0,0,0,0,0
2015-09-06T20:30:02+03:00,11.39,1.80,0.00,0.04,20,0,0,0,0,0,0,0
2015-09-06T20:31:02+03:00,11.39,1.65,0.00,0.02,20,0,0,0,0,0,0,0
2015-09-06T20:32:01+03:00,11.37,1.65,0.00,0.03,20,0,0,0,0,0,0,0
2015-09-06T20:33:01+03:00,11.37,1.60,0.00,0.03,20,0,0,0,0,0,0,0
2015-09-06T20:34:01+03:00,11.37,1.60,0.00,0.01,20,0,0,0,0,0,0,0
2015-09-06T20:35:02+03:00,11.37,1.50,0.00,0.03,20,0,0,0,0,0,0,0
2015-09-06T20:36:02+03:00,11.37,1.45,0.00,0.04,20,0,0,0,0,0,0,0
2015-09-06T20:37:02+03:00,11.37,1.25,0.00,0.03,20,0,0,0,0,0,0,0
2015-09-06T20:38:01+03:00,11.39,1.25,0.00,0.02,20,0,0,0,0,0,0,0
2015-09-06T20:39:02+03:00,11.37,1.25,0.00,0.03,20,0,0,0,0,0,0,0
2015-09-06T20:40:01+03:00,11.32,0.50,0.00,0.04,20,0,0,0,0,0,0,0
2015-09-06T20:41:01+03:00,11.37,0.30,0.00,0.03,20,0,0,0,0,0,0,0
2015-09-06T20:42:02+03:00,11.39,0.35,0.00,0.03,20,0,0,0,0,0,0,0
2015-09-06T20:43:01+03:00,11.37,0.25,0.00,0.04,20,0,0,0,0,0,0,0
2015-09-06T20:44:01+03:00,11.37,1.05,0.00,0.02,20,0,0,0,0,0,0,0
2015-09-06T20:45:01+03:00,11.35,0.45,0.00,0.03,20,0,0,0,0,0,0,0
2015-09-06T20:46:02+03:00,11.37,0.25,0.00,0.03,20,0,0,0,0,0,0,0
2015-09-06T20:47:01+03:00,11.39,0.25,0.00,0.02,20,0,0,0,0,0,0,0
2015-09-06T20:48:01+03:00,11.35,0.20,0.00,0.03,20,0,0,0,0,0,0,0
2015-09-06T20:49:01+03:00,11.37,0.20,0.00,0.03,20,0,0,0,0,0,0,0
2015-09-06T20:50:01+03:00,11.37,0.25,0.00,0.02,20,0,0,0,0,0,0,0
2015-09-06T20:51:01+03:00,11.37,0.15,0.00,0.04,20,0,0,0,0,0,0,0
2015-09-06T20:52:01+03:00,11.37,0.20,0.00,0.04,20,0,0,0,0,0,0,0
2015-09-06T20:53:01+03:00,11.39,0.20,0.00,0.03,20,0,0,0,0,0,0,0
2015-09-06T20:54:01+03:00,11.37,0.10,0.00,0.03,20,0,0,0,0,0,0,0
2015-09-06T20:55:02+03:00,11.35,0.10,0.00,0.02,20,0,0,0,0,0,0,0
2015-09-06T20:56:01+03:00,11.35,0.15,0.00,0.04,20,0,0,0,0,0,0,0
2015-09-06T20:57:01+03:00,11.37,0.25,0.00,0.03,20,0,0,0,0,0,0,0
2015-09-06T20:58:01+03:00,11.35,0.15,0.00,0.03,20,0,0,0,0,0,0,0
2015-09-06T20:59:01+03:00,11.37,0.20,0.00,0.02,20,0,0,0,0,0,0,0
2015-09-06T21:00:02+03:00,11.35,0.15,0.00,0.03,20,0,0,0,0,0,0,0
2015-09-06T21:01:01+03:00,11.37,0.20,0.00,0.04,20,0,0,0,0,0,0,0
2015-09-06T21:02:01+03:00,11.35,0.15,0.00,0.01,20,0,0,0,0,0,0,0
2015-09-06T21:03:02+03:00,11.37,0.20,0.00,0.04,20,0,0,0,0,0,0,0
2015-09-06T21:04:01+03:00,11.37,0.20,0.00,0.03,20,0,0,0,0,0,0,0
2015-09-06T21:05:01+03:00,11.35,0.20,0.00,0.02,20,0,0,0,0,0,0,0
2015-09-06T21:06:01+03:00,11.35,0.25,0.00,0.04,20,0,0,0,0,0,0,0
2015-09-06T21:07:01+03:00,11.32,0.15,0.00,0.02,20,0,0,0,0,0,0,0
2015-09-06T21:08:01+03:00,11.37,0.25,0.00,0.03,20,0,0,0,0,0,0,0
2015-09-06T21:09:01+03:00,11.35,0.25,0.00,0.03,20,0,0,0,0,0,0,0
2015-09-06T21:10:01+03:00,11.35,0.15,0.00,0.03,20,0,0,0,0,0,0,0
2015-09-06T21:11:01+03:00,11.32,0.20,0.00,0.02,20,0,0,0,0,0,0,0
2015-09-06T21:12:01+03:00,11.35,0.95,0.00,0.04,20,0,0,0,0,0,0,0
2015-09-06T21:13:01+03:00,11.35,1.15,0.00,0.03,20,0,0,0,0,0,0,0
2015-09-06T21:14:01+03:00,11.35,0.90,0.00,0.03,20,0,0,0,0,0,0,0
2015-09-06T21:15:01+03:00,11.35,0.90,0.00,0.03,19,0,0,0,0,0,0,0
2015-09-06T21:16:02+03:00,11.35,1.05,0.00,0.02,20,0,0,0,0,0,0,0
2015-09-06T21:17:01+03:00,11.32,1.10,0.00,0.03,20,0,0,0,0,0,0,0
2015-09-06T21:18:02+03:00,11.35,1.15,0.00,0.03,20,0,0,0,0,0,0,0
2015-09-06T21:19:01+03:00,11.37,1.15,0.00,0.03,20,0,0,0,0,0,0,0
2015-09-06T21:20:02+03:00,11.35,1.20,0.00,0.04,20,0,0,0,0,0,0,0
2015-09-06T21:21:01+03:00,11.35,0.95,0.00,0.03,20,0,0,0,0,0,0,0
2015-09-06T21:22:02+03:00,11.35,1.00,0.00,0.02,20,0,0,0,0,0,0,0
2015-09-06T21:23:01+03:00,11.30,1.00,0.00,0.01,19,0,0,0,0,0,0,0
2015-09-06T21:24:01+03:00,11.35,1.05,0.00,0.03,20,0,0,0,0,0,0,0
2015-09-06T21:25:01+03:00,11.35,0.40,0.00,0.02,19,0,0,0,0,0,0,0
2015-09-06T21:26:01+03:00,11.35,0.10,0.00,0.04,19,0,0,0,0,0,0,0
2015-09-06T21:27:01+03:00,11.32,0.20,0.00,0.03,19,0,0,0,0,0,0,0
2015-09-06T21:28:01+03:00,11.37,0.25,0.00,0.03,19,0,0,0,0,0,0,0
2015-09-06T21:29:01+03:00,11.32,0.10,0.00,0.03,19,0,0,0,0,0,0,0
2015-09-06T21:30:02+03:00,11.35,0.20,0.00,0.04,19,0,0,0,0,0,0,0
2015-09-06T21:31:01+03:00,11.35,0.20,0.00,0.03,19,0,0,0,0,0,0,0
2015-09-06T21:32:02+03:00,11.32,0.20,0.00,0.03,19,0,0,0,0,0,0,0
2015-09-06T21:33:01+03:00,11.35,0.20,0.00,0.03,19,0,0,0,0,0,0,0
2015-09-06T21:34:01+03:00,11.35,0.20,0.00,0.01,19,0,0,0,0,0,0,0
2015-09-06T21:35:01+03:00,11.32,0.20,0.00,0.05,19,0,0,0,0,0,0,0
2015-09-06T21:36:01+03:00,11.32,0.15,0.00,0.02,19,0,0,0,0,0,0,0
2015-09-06T21:37:01+03:00,11.35,0.20,0.00,0.03,19,0,0,0,0,0,0,0
2015-09-06T21:38:01+03:00,11.32,0.15,0.00,0.03,19,0,0,0,0,0,0,0
2015-09-06T21:39:01+03:00,11.35,0.20,0.00,0.03,19,0,0,0,0,0,0,0
2015-09-06T21:40:01+03:00,11.32,0.15,0.00,0.03,19,0,0,0,0,0,0,0
2015-09-06T21:41:01+03:00,11.37,0.20,0.00,0.03,19,0,0,0,0,0,0,0
2015-09-06T21:42:01+03:00,11.35,0.20,0.00,0.03,19,0,0,0,0,0,0,0
2015-09-06T21:43:01+03:00,11.35,0.20,0.00,0.03,19,0,0,0,0,0,0,0
2015-09-06T21:44:01+03:00,11.37,0.20,0.00,0.04,19,0,0,0,0,0,0,0
2015-09-06T21:45:01+03:00,11.35,0.15,0.00,0.03,19,0,0,0,0,0,0,0
2015-09-06T21:46:01+03:00,11.37,0.20,0.00,0.03,19,0,0,0,0,0,0,0
2015-09-06T21:47:01+03:00,11.32,0.15,0.00,0.02,19,0,0,0,0,0,0,0
2015-09-06T21:48:01+03:00,11.35,0.20,0.00,0.01,19,0,0,0,0,0,0,0
2015-09-06T21:49:01+03:00,11.32,0.15,0.00,0.01,19,0,0,0,0,0,0,0
2015-09-06T21:50:01+03:00,11.35,0.20,0.00,0.04,19,0,0,0,0,0,0,0
2015-09-06T21:51:02+03:00,11.35,0.20,0.00,0.02,19,0,0,0,0,0,0,0
2015-09-06T21:52:02+03:00,11.35,0.20,0.00,0.03,19,0,0,0,0,0,0,0
2015-09-06T21:53:01+03:00,11.35,0.15,0.00,0.02,19,0,0,0,0,0,0,0
2015-09-06T21:54:01+03:00,11.35,0.20,0.00,0.03,19,0,0,0,0,0,0,0
2015-09-06T21:55:01+03:00,11.35,0.20,0.00,0.03,19,0,0,0,0,0,0,0
2015-09-06T21:56:02+03:00,11.32,0.20,0.00,0.04,19,0,0,0,0,0,0,0
2015-09-06T21:57:01+03:00,11.35,0.20,0.00,0.03,19,0,0,0,0,0,0,0
2015-09-06T21:58:01+03:00,11.35,0.30,0.00,0.04,19,0,0,0,0,0,0,0
2015-09-06T21:59:01+03:00,11.32,0.20,0.00,0.03,19,0,0,0,0,0,0,0
2015-09-06T22:00:01+03:00,11.35,0.45,0.00,0.02,19,0,0,0,0,0,0,0
2015-09-06T22:01:02+03:00,11.35,0.65,0.00,0.02,19,0,0,0,0,0,0,0
2015-09-06T22:02:01+03:00,11.35,0.65,0.00,0.01,19,0,0,0,0,0,0,0
2015-09-06T22:03:01+03:00,11.35,0.60,0.00,0.04,19,0,0,0,0,0,0,0
2015-09-06T22:04:01+03:00,11.35,0.40,0.00,0.01,19,0,0,0,0,0,0,0
2015-09-06T22:05:01+03:00,11.35,0.50,0.00,0.05,19,0,0,0,0,0,0,0
2015-09-06T22:06:02+03:00,11.35,0.20,0.00,0.03,19,0,0,0,0,0,0,0
2015-09-06T22:07:01+03:00,11.35,0.25,0.00,0.04,19,0,0,0,0,0,0,0
2015-09-06T22:08:01+03:00,11.32,0.20,0.00,0.02,19,0,0,0,0,0,0,0
2015-09-06T22:09:01+03:00,11.32,0.20,0.00,0.04,19,0,0,0,0,0,0,0
2015-09-06T22:10:02+03:00,11.35,0.20,0.00,0.04,19,0,0,0,0,0,0,0
2015-09-06T22:11:01+03:00,11.32,0.15,0.00,0.03,19,0,0,0,0,0,0,0
2015-09-06T22:12:01+03:00,11.32,0.15,0.00,0.04,19,0,0,0,0,0,0,0
2015-09-06T22:13:01+03:00,11.35,0.25,0.00,0.04,19,0,0,0,0,0,0,0
2015-09-06T22:14:01+03:00,11.32,0.15,0.00,0.02,19,0,0,0,0,0,0,0
2015-09-06T22:15:01+03:00,11.35,0.20,0.00,0.04,19,0,0,0,0,0,0,0
2015-09-06T22:16:01+03:00,11.32,0.20,0.00,0.03,19,0,0,0,0,0,0,0
2015-09-06T22:17:01+03:00,11.32,0.20,0.00,0.02,19,0,0,0,0,0,0,0
2015-09-06T22:18:01+03:00,11.35,0.20,0.00,0.04,19,0,0,0,0,0,0,0
2015-09-06T22:19:02+03:00,11.30,0.20,0.00,0.02,19,0,0,0,0,0,0,0
2015-09-06T22:20:01+03:00,11.32,0.20,0.00,0.04,19,0,0,0,0,0,0,0
2015-09-06T22:21:02+03:00,11.32,0.15,0.00,0.03,19,0,0,0,0,0,0,0
2015-09-06T22:22:01+03:00,11.35,0.20,0.00,0.03,19,0,0,0,0,0,0,0
2015-09-06T22:23:02+03:00,11.35,0.20,0.00,0.04,19,0,0,0,0,0,0,0
2015-09-06T22:24:01+03:00,11.32,0.20,0.00,0.03,19,0,0,0,0,0,0,0
2015-09-06T22:25:02+03:00,11.35,0.25,0.00,0.03,19,0,0,0,0,0,0,0
2015-09-06T22:26:01+03:00,11.32,0.20,0.00,0.03,19,0,0,0,0,0,0,0
2015-09-06T22:27:01+03:00,11.32,0.15,0.00,0.02,19,0,0,0,0,0,0,0
2015-09-06T22:28:01+03:00,11.30,0.15,0.00,0.03,19,0,0,0,0,0,0,0
2015-09-06T22:29:01+03:00,11.35,0.20,0.00,0.01,19,0,0,0,0,0,0,0
2015-09-06T22:30:02+03:00,11.32,0.20,0.00,0.03,19,0,0,0,0,0,0,0
2015-09-06T22:31:01+03:00,11.35,0.20,0.00,0.02,19,0,0,0,0,0,0,0
2015-09-06T22:32:02+03:00,11.32,0.15,0.00,0.03,19,0,0,0,0,0,0,0
2015-09-06T22:33:01+03:00,11.35,0.20,0.00,0.04,19,0,0,0,0,0,0,0
2015-09-06T22:34:01+03:00,11.32,0.20,0.00,0.04,19,0,0,0,0,0,0,0
2015-09-06T22:35:01+03:00,11.35,0.20,0.00,0.03,19,0,0,0,0,0,0,0
2015-09-06T22:36:01+03:00,11.35,0.20,0.00,0.02,19,0,0,0,0,0,0,0
2015-09-06T22:37:01+03:00,11.35,0.20,0.00,0.04,19,0,0,0,0,0,0,0
2015-09-06T22:38:02+03:00,11.32,0.20,0.00,0.03,19,0,0,0,0,0,0,0
2015-09-06T22:39:02+03:00,11.32,0.15,0.00,0.03,19,0,0,0,0,0,0,0
2015-09-06T22:40:01+03:00,11.32,0.15,0.00,0.03,19,0,0,0,0,0,0,0
2015-09-06T22:41:01+03:00,11.30,0.15,0.00,0.04,19,0,0,0,0,0,0,0
2015-09-06T22:42:01+03:00,11.32,0.20,0.00,0.01,19,0,0,0,0,0,0,0
2015-09-06T22:43:01+03:00,11.30,0.15,0.00,0.03,19,0,0,0,0,0,0,0
2015-09-06T22:44:01+03:00,11.35,0.20,0.00,0.04,19,0,0,0,0,0,0,0
2015-09-06T22:45:01+03:00,11.30,0.10,0.00,0.02,19,0,0,0,0,0,0,0
2015-09-06T22:46:01+03:00,11.35,0.20,0.00,0.02,19,0,0,0,0,0,0,0
2015-09-06T22:47:01+03:00,11.35,0.15,0.00,0.04,19,0,0,0,0,0,0,0
2015-09-06T22:48:01+03:00,11.32,0.20,0.00,0.03,19,0,0,0,0,0,0,0
2015-09-06T22:49:01+03:00,11.30,0.15,0.00,0.02,19,0,0,0,0,0,0,0
2015-09-06T22:50:01+03:00,11.35,0.20,0.00,0.04,19,0,0,0,0,0,0,0
2015-09-06T22:51:01+03:00,11.32,0.20,0.00,0.03,19,0,0,0,0,0,0,0
2015-09-06T22:52:02+03:00,11.35,0.20,0.00,0.04,19,0,0,0,0,0,0,0
2015-09-06T22:53:01+03:00,11.35,0.20,0.00,0.04,19,0,0,0,0,0,0,0
2015-09-06T22:54:01+03:00,11.30,0.20,0.00,0.04,19,0,0,0,0,0,0,0
2015-09-06T22:55:01+03:00,11.30,0.15,0.00,0.04,19,0,0,0,0,0,0,0
2015-09-06T22:56:01+03:00,11.30,0.15,0.00,0.03,19,0,0,0,0,0,0,0
2015-09-06T22:57:01+03:00,11.32,0.20,0.00,0.03,19,0,0,0,0,0,0,0
2015-09-06T22:58:01+03:00,11.32,0.20,0.00,0.04,19,0,0,0,0,0,0,0
2015-09-06T22:59:01+03:00,11.32,0.20,0.00,0.04,19,0,0,0,0,0,0,0
2015-09-06T23:00:01+03:00,11.32,0.20,0.00,0.03,19,0,0,0,0,0,0,0
2015-09-06T23:01:01+03:00,11.30,0.15,0.00,0.03,19,0,0,0,0,0,0,0
2015-09-06T23:02:02+03:00,11.32,0.20,0.00,0.04,19,0,0,0,0,0,0,0
2015-09-06T23:03:02+03:00,11.32,0.20,0.00,0.02,19,0,0,0,0,0,0,0
2015-09-06T23:04:01+03:00,11.32,0.20,0.00,0.03,19,0,0,0,0,0,0,0
2015-09-06T23:05:02+03:00,11.32,0.20,0.00,0.03,19,0,0,0,0,0,0,0
2015-09-06T23:06:01+03:00,11.35,0.20,0.00,0.03,19,0,0,0,0,0,0,0
2015-09-06T23:07:01+03:00,11.32,0.20,0.00,0.03,19,0,0,0,0,0,0,0
2015-09-06T23:08:01+03:00,11.32,0.20,0.00,0.02,19,0,0,0,0,0,0,0
2015-09-06T23:09:02+03:00,11.30,0.20,0.00,0.03,19,0,0,0,0,0,0,0
2015-09-06T23:10:02+03:00,11.32,0.20,0.00,0.04,19,0,0,0,0,0,0,0
2015-09-06T23:11:01+03:00,11.32,0.15,0.00,0.02,19,0,0,0,0,0,0,0
2015-09-06T23:12:01+03:00,11.35,0.20,0.00,0.03,19,0,0,0,0,0,0,0
2015-09-06T23:13:01+03:00,11.30,0.20,0.00,0.04,19,0,0,0,0,0,0,0
2015-09-06T23:14:01+03:00,11.30,0.10,0.00,0.02,19,0,0,0,0,0,0,0
2015-09-06T23:15:01+03:00,11.30,0.20,0.00,0.02,19,0,0,0,0,0,0,0
2015-09-06T23:16:02+03:00,11.30,0.20,0.00,0.04,19,0,0,0,0,0,0,0
2015-09-06T23:17:01+03:00,11.28,0.15,0.00,0.04,19,0,0,0,0,0,0,0
2015-09-06T23:18:02+03:00,11.28,0.20,0.00,0.03,19,0,0,0,0,0,0,0
2015-09-06T23:19:01+03:00,11.32,0.25,0.00,0.03,19,0,0,0,0,0,0,0
2015-09-06T23:20:01+03:00,11.30,0.20,0.00,0.03,19,0,0,0,0,0,0,0
2015-09-06T23:21:01+03:00,11.30,0.20,0.00,0.02,19,0,0,0,0,0,0,0
2015-09-06T23:22:02+03:00,11.30,0.20,0.00,0.02,19,0,0,0,0,0,0,0
2015-09-06T23:23:02+03:00,11.28,0.20,0.00,0.03,19,0,0,0,0,0,0,0
2015-09-06T23:24:01+03:00,11.30,0.20,0.00,0.01,19,0,0,0,0,0,0,0
2015-09-06T23:25:01+03:00,11.30,0.20,0.00,0.03,19,0,0,0,0,0,0,0
2015-09-06T23:26:01+03:00,11.30,0.20,0.00,0.04,19,0,0,0,0,0,0,0
2015-09-06T23:27:01+03:00,11.32,0.20,0.00,0.03,19,0,0,0,0,0,0,0
2015-09-06T23:28:01+03:00,11.32,0.30,0.00,0.03,19,0,0,0,0,0,0,0
2015-09-06T23:29:01+03:00,11.28,0.15,0.00,0.01,19,0,0,0,0,0,0,0
2015-09-06T23:30:01+03:00,11.28,0.20,0.00,0.01,19,0,0,0,0,0,0,0
2015-09-06T23:31:02+03:00,11.30,0.20,0.00,0.01,19,0,0,0,0,0,0,0
2015-09-06T23:32:01+03:00,11.28,0.15,0.00,0.00,19,0,0,0,0,0,0,0
2015-09-06T23:33:01+03:00,11.30,0.20,0.00,0.03,19,0,0,0,0,0,0,0
2015-09-06T23:34:01+03:00,11.28,0.20,0.00,0.03,19,0,0,0,0,0,0,0
2015-09-06T23:35:01+03:00,11.28,0.15,0.00,0.01,19,0,0,0,0,0,0,0
2015-09-06T23:36:01+03:00,11.32,0.20,0.00,0.03,19,0,0,0,0,0,0,0
2015-09-06T23:37:01+03:00,11.30,0.15,0.00,0.01,19,0,0,0,0,0,0,0
2015-09-06T23:38:01+03:00,11.32,0.20,0.00,0.03,19,0,0,0,0,0,0,0
2015-09-06T23:39:01+03:00,11.32,0.20,0.00,0.03,19,0,0,0,0,0,0,0
2015-09-06T23:40:01+03:00,11.30,0.10,0.00,0.03,19,0,0,0,0,0,0,0
2015-09-06T23:41:02+03:00,11.30,0.20,0.00,0.04,19,0,0,0,0,0,0,0
2015-09-06T23:42:02+03:00,11.30,0.20,0.00,0.03,19,0,0,0,0,0,0,0
2015-09-06T23:43:02+03:00,11.32,0.20,0.00,0.03,19,0,0,0,0,0,0,0
2015-09-06T23:44:01+03:00,11.28,0.15,0.00,0.03,19,0,0,0,0,0,0,0
2015-09-06T23:45:01+03:00,11.30,0.20,0.00,0.04,19,0,0,0,0,0,0,0
2015-09-06T23:46:01+03:00,11.28,0.15,0.00,0.04,19,0,0,0,0,0,0,0
2015-09-06T23:47:01+03:00,11.30,0.20,0.00,0.03,19,0,0,0,0,0,0,0
2015-09-06T23:48:01+03:00,11.28,0.15,0.00,0.01,19,0,0,0,0,0,0,0
2015-09-06T23:49:01+03:00,11.30,0.15,0.00,0.03,19,0,0,0,0,0,0,0
2015-09-06T23:50:01+03:00,11.30,0.25,0.00,0.04,19,0,0,0,0,0,0,0
2015-09-06T23:51:01+03:00,11.30,0.10,0.00,0.01,19,0,0,0,0,0,0,0
2015-09-06T23:52:01+03:00,11.32,0.20,0.00,0.04,19,0,0,0,0,0,0,0
2015-09-06T23:53:01+03:00,11.30,0.15,0.00,0.03,19,0,0,0,0,0,0,0
2015-09-06T23:54:01+03:00,11.32,0.20,0.00,0.03,19,0,0,0,0,0,0,0
2015-09-06T23:55:01+03:00,11.28,0.10,0.00,0.02,19,0,0,0,0,0,0,0
2015-09-06T23:56:02+03:00,11.30,0.20,0.00,0.04,19,0,0,0,0,0,0,0
2015-09-06T23:57:01+03:00,11.30,0.25,0.00,0.03,19,0,0,0,0,0,0,0
2015-09-06T23:58:02+03:00,11.30,0.15,0.00,0.03,19,0,0,0,0,0,0,0
2015-09-06T23:59:01+03:00,11.30,0.20,0.00,0.03,19,0,0,0,0,0,0,0
